MovieId,Publisher_name
28087,	 Cygames Inc.
26872, ARTE FRANCE
22960, Beyond C. Co.  Ltd.
22961, Beyond C. Co.  Ltd.
23234, Broadway on Demand
26872, CANAL+
26872, CINE+
26384, Cie
20103, Co. KG
26751, Communications  Inc.
21031, Limited
19357, Media (Singapore)
26872, ORANGE STUDIO
26140, PARTNERS
26741, PICTURES
26630, PICTURES
19000, Pictures Inc.
22113, PlusM.
23284, RELEASING LLC
23488, S.A.R.L.
24061, S.A.R.L.
23122, S.L.
29064, S.L.
25101, S.L.
29605, S.L.U.
22893, S.L.U.
21796, S.À R.L
29166, SASU
28977, SONY PICTURES RELEASING INTERNATIONAL CORPORATION.
29471, STUDIOCANAL S.A.S. 
27054, SUNRISE INC.
29481, Studiocanal S.A.S
26873, TRUE COLOURS GLORIOUS FILMS
27522, TV HOUSE LIMITED
29188, TV House Limited
26778, Warner Bros. Pictures Japan
21780, pictures Inc.
27029, pictures Inc.
29237, pictures Inc.
27445, pictures Inc.
17129, pictures Inc.
21350, pictures Inc.
28099, pictures Inc. 
27966, pictures Inc. 
27379, pictures Inc. 
27648, pictures Inc. 
29502, 牽猴子股份有限公司
20822, 英皇(北京)影視文化傳媒有限公司
22182, 英皇娛樂(香港)有限公司 
22182, 香港電影發展基金 
6215,&#x4E0A;&#x6D77;&#x9A30;&#x8A0A;&#x5F71;&#x696D;&#x6587;&#x5316;&#x50B3;&#x64AD;&#x6709;&#x9650;&#x516C;&#x53F8;&#x3001;&#x970D;&#x723E;&#x679C;&#x65AF;&#x9752;&#x6625;&#x5149;&#x7DDA;&#x5F71;&#x696D;&#x6709;&#x9650;&#x516C;&#x53F8;&#x3001;&#x5929;&#x6D25;&#x4E94;&#x516B;&#x540C;&#x57CE;&#x5F71;&#x8996;&#x6587;&#x5316;&#x6709;&#x9650;&#x516C;&#x53F8;&#x3001;&#x970D;&#x723E;&#x679C;&#x65AF;&#x6625;&#x5929;&#x878D;&#x5408;&#x50B3;&#x5A92;&#x6709;&#x9650;&#x516C;&#x53F8;&#x3001;&#x6D59;&#x6C5F;&#x967D;&#x5149;&#x5F71;&#x696D;&#x80A1;&#x4EFD;&#x6709;&#x9650;&#x516C;&#x53F8;&#x3001;&#x5317;&#x4EAC;&#x5B89;&#x745E;&#x5F71;&#x8996;&#x6587;&#x5316;&#x50B3;&#x5A92;&#x6709;&#x9650;&#x516C;&#x53F8;&#x3001;&#x5317;&#x4EAC;&#x7FA4;&#x82F1;&#x8588;&#x5F71;&#x696D;&#x6587;&#x5316;&#x6709;&#x9650;&#x516C;&#x53F8;&#x3001;&#x970D;&#x723E;&#x679C;&#x65AF;&#x5E02;&#x5343;&#x6613;&#x5FD7;&#x8AA0;&#x6587;&#x5316;&#x50B3;&#x5A92;&#x6709;&#x9650;&#x516C;&#x53F8;&#x3001;&#x4E0A;&#x6D77;&#x95AC;&#x6620;&#x5F71;&#x8996;&#x6587;&#x5316;&#x50B3;&#x5A92;&#x6709;&#x9650;&#x516C;&#x53F8;
6252,(德國)THE MATCH FACTORY GMBH
8873,(法國) CELLULOID DREAMS SAS
8878,(法國) CELLULOID DREAMS SAS
8747,(法國)CELLULOID DREAMS SAS
8749,(法國)CELLULOID DREAMS SAS
8693,(法國)DOC AND FILM INTERNATIONAL
9159,(法國)DOC AND FILM INTERNATIONAL
5643,(法國)FILMS SANS FRONTIERES
5666,(法國)FILMS SANS FRONTIERES
9952,(法國)MK2
19639,(美國)SONY PICTURES RELEASING INTERNATIONAL CORPORATION.
27723,(聯合出品)合名實業有限公司
27723,(聯合出品)基翔影視有限公司
27723,(聯合出品)平天下電影娛樂有限公司
7689,(英國)PARK CIRCUS LIMITED
9993,(英屬維京群島)EAST ASIA FILMS DISTRIBUTION LIMITED
9993,(香港)ESUN.COM LIMITED
7777,(香港)INFINITY ENTERTAINMENT LTD.
28166,. LTD
21384,1982 Productions LLC
20565,1984工作室
25737,1988廣告製作有限公司
21786,8028控股有限公司
28167,852 FILMS
24046,A24 INTERNATIONAL  LLC
20828,A24 INTERNATIONAL LLC
18430,A24 International LLC
20415,ABC ANIMATION INC.
21310,ABC Animation INC.
17110,ABC Animation INC.
29733,ABS-CBN FILM PRODUCTIONS  INC.
24259,ACE Entertainment Films Inc
21796,ACE HOLDINGS
26502,ADK EMOTIONS INC.
28240,ADK EMOTIONS INC. 
19157,ADK EMOTIOS INC.
21864,ADK EMOTIOS INC.
23826,ADK Emotions Inc.
24939,ADK Emotions Inc.
29465,ADK Emotions Inc.
26384,AGAT Films 
20191,ALIEF SAS.
26880,ALTERNA inc.
28507,ALTITUDE FILM SALES LIMITED
21017,ALTITUDE FILM SALES LIMITED
23311,AMBI Exclusive Acquisition Co.  LLC
26648,AMUSE INC.
25429,ANGEL STUDIOS LICENSING  LLC
25776,ANIPLEX  INC.
29085,ANTON CAPITAL ENTERTAINMENT S.A.
17242,ARGOS FILMS SA
20533,ARI Production株式會社
28411,ARTHOOD ENTERTAINMENT GmbH.
22198,ARTHOOD ENTERTAINMENT GmbH.
25305,ASIAN SHADOWS INTERNATIONAL SALES LIMITED
23784,ASMIK ACE   INC
21928,ASMIK ACE INC.
21627,ASMIK ACE INC.
21718,ASMIK ACE INC.
20684,ASMIK ACE INC.
22239,ATRIUM PRODUCTIONS KFT
23652,ATRIUM PRODUCTIONS KFT.
23214,ATRIUM PRODUCTIONS KFT.
23752,ATRIUM PRODUCTIONS KFT.
29400,ATRIUM PRODUCTIONS KFT.
20520,AVEX PICTURES INC.
20535,AVEX PICTURES INC.
20484,Accelerated Global Content LLC
24086,Access Television Japan Ltd
26364,Adachi Masao Screening Committee
26366,Adachi Masao Screening Committee
26365,Adachi Masao Screening Committee
26363,Adachi Masao Screening Committee
28363,Akanga Film Asia
21223,All Rights Entertainment.Ltd
26956,Alpha Violet
22739,Alpha Violet
23217,Alpha Violet
23687,Altitude Film Sales Limited
28745,Altitude Film Sales Limited
28917,Altitude Film Sales Limited
26958,Angel Studios Licensing  LLC
26836,Angel Studios Licensing  LLC
20780,Animation Entertainment Ltd.
25011,Animation International LTD
25106,Animation International LTD
25023,Animation International LTD
25043,Animation International LTD
24972,Animation International LTD
25078,Animation International LTD
25127,Animation International LTD
28637,Aniplex
28752,Aniplex  Inc.
29592,Aniplex  Inc.
25304,Aniplex  Inc.
25991,Aniplex  Inc.
25341,Aniplex  Inc.
22751,Aniplex Inc.
17368,Aniplex Inc.
26668,Aniplex Inc.
23365,Aniplex Inc.
28735,Aniplex Inc.
19722,Aniplex Inc.
23662,Aniplex Inc.
27734,Aniplex Inc.
20057,Aniplex Inc.
19895,Aniplex Inc.
24969,Aniplex Inc.
19094,Aniplex Inc.
14011,Aniplex Inc.
27965,Aniplex Inc.
26383,Aniplex Inc. 	 
20134,Arthood Entertainment GmbH
20312,Arthur Film  아더필름(주)
25398,Asmik Ace  INC.
27600,Asmik Ace  Inc.
26139,Asmik Ace  Inc.
25591,Atrium Production KFT.
22265,Atrium Productions KFT.
20681,Atrium Productions Kft.
22479,Atrium Productions Kft.
21160,Atrium Productions Kft.
24417,Atrium Productions Kft.
22651,Atrium Productions Kft.
23786,Atrium Productions Kft.
25803,Atrium Productions Kft.
20975,Atrium Productions Kft.
20848,Atrium Productions Kft.
22818,Atrium Productions Kft.
21779,Atrium Productions Kft.
24252,Atrium Productions Kft.
20713,Atrium Productions. Kft.
28484,Autlook Filmsales GmbH
24729,Autlook Filmsales GmbH
29084,Autlook Filmsales GmbH as Sales Agent for Venom Ltd
20744,Avex Picture Inc.
28046,Avex Pictures Inc.
20355,BANDAI NAMCO Arts Inc.
20579,BATRAX ENTERTAINMENT B.V.
26317,BE FOR FILMS
27158,BE FOR FILMS
20712,BE FOR FILMS
26705,BE FOR FILMS
18318,BENED GOBAL SDN BHD
29524,BEST FRIEND FOREVER SPRL
28456,BEST FRIEND FOREVER SPRL
20527,BETA CINEMA
22114,BIGWEST CO.  LTD.
22229,BIGWEST CO.  LTD.
24372,BITTERS END  INC
20582,BL Production LLC
26885,BLUE FINCH FILM RELEASING LIMITED
29714,BLUE FOX ENTERTAINMENT2 LLC 
25408,BUENA VISTA INTERNATIONAL  INC.
22663,BUENA VISTA INTERNATIONAL  INC.
22242,BUENA VISTA INTERNATIONAL  INC.
22416,BUENA VISTA INTERNATIONAL  INC.
22530,BUENA VISTA INTERNATIONAL  INC.
23138,BUENA VISTA INTERNATIONAL  INC.
26318,BUENA VISTA INTERNATIONAL  INC.
25524,BUENA VISTA INTERNATIONAL  INC.
22678,BUENA VISTA INTERNATIONAL  INC.
27384,BUENA VISTA INTERNATIONAL  INC.
23646,BUENA VISTA INTERNATIONAL  INC.
27655,BUENA VISTA INTERNATIONAL  INC.
25060,BUENA VISTA INTERNATIONAL  INC.
23647,BUENA VISTA INTERNATIONAL  INC.
26989,BUENA VISTA INTERNATIONAL  INC.
26229,BUENA VISTA INTERNATIONAL  INC.
24784,BUENA VISTA INTERNATIONAL  INC.
26716,BUENA VISTA INTERNATIONAL  INC.
26066,BUENA VISTA INTERNATIONAL  INC.
28065,BUENA VISTA INTERNATIONAL  INC.
29376,BUENA VISTA INTERNATIONAL  INC.
22649,BUENA VISTA INTERNATIONAL  INC.
23049,BUENA VISTA INTERNATIONAL  INC.
29594,BUENA VISTA INTERNATIONAL  INC.
28195,BUENA VISTA INTERNATIONAL  INC.
26243,BUENA VISTA INTERNATIONAL  INC.
20277,BUENA VISTA INTERNATIONAL  INC.
23322,BUENA VISTA INTERNATIONAL  INC.
23641,BUENA VISTA INTERNATIONAL  INC.
19817,BUENA VISTA INTERNATIONAL INC.
20362,BUENA VISTA INTERNATIONAL INC.
19539,BUENA VISTA INTERNATIONAL INC.
19688,BUENA VISTA INTERNATIONAL INC.
19657,BUENA VISTA INTERNATIONAL INC.
20403,BUENA VISTA INTERNATIONAL INC.
18846,BUENA VISTA INTERNATIONAL INC.
19150,BUENA VISTA INTERNATIONAL INC.
21742,BUENA VISTA INTERNATIONAL INC.
19885,BUENA VISTA INTERNATIONAL INC.
21422,BUENA VISTA INTERNATIONAL INC.
20470,BUENA VISTA INTERNATIONAL INC.
20050,BUENA VISTA INTERNATIONAL INC.
18984,BUENA VISTA INTERNATIONAL INC.
21054,BUENA VISTA INTERNATIONAL INC.
21741,BUENA VISTA INTERNATIONAL INC.
18891,BUENA VISTA INTERNATIONAL INC.
24787,"BUENA VISTA INTERNATIONAL, INC."
24416,"BUENA VISTA INTERNATIONAL, INC."
24128,"BUENA VISTA INTERNATIONAL, INC."
5887,"BUENA VISTA INTERNATIONAL,INC."
23923,Bandai Namco Filmworks
27959,Bandai Namco Filmworks Inc.
25350,Bandai Namco Filmworks Inc.
25400,Bandai Namco Filmworks Inc.
23197,Bandai Namco Filmworks Inc.
25045,Bankside Films Ltd
23885,Bankside Films Ltd
25637,Bankside Films Ltd
26213,Bankside Films Ltd
20589,Bavaria Media International A division of Bavaria Media GmbH
21046,Be For Films
26501,Be On Cloud Co.  Ltd
26650,Beijing Monar Films Co.  Ltd
28435,Beijing Monar Films Co.  Ltd.
26214,Bendita Films Sales
20223,Beta Cinema GmbH
20534,Beta Cinema GmbH
22515,Beta Cinema GmbH
19408,Beta Cinema GmbH.
26477,Beta Cinema Gmbh
23290,Beta Film GmbH
18110,Beta Film GmbH
19510,Beyond C. Co.  Ltd.
25359,Blackbird Productions B.V.
29155,Bleiberg Entertainment  LLC
25321,Bleiberg Entertainment  LLC
23519,Block 2 Distribution Ltd. 春光電影發行有限公司
23519,Block 2 Pictures Inc. 春光映画
28508,Blue River Films Co.  ltd.
20659,Boies
28551,Boies
23207,Broadway on Demand
23839,Broadway on Demand
23797,Broadway on Demand
20103,Busch Medie Group GmbH 
20992,CAPSTONE GLOBAL CORP
23284,CARGO FILM 
5513,CARLOTTA FILMS
27770,CASTELAO PICTURES
24859,"CASTELAO PICTURES, S.L.U."
19205,CASTELAＯ PICTURES
22309,CAT
25285,CAT&Docs
24474,CBC Radio-Canada
18745,CENTRAL PARTNERSHIP SALES HOUSE
22895,CERCAMON MFZE 
19627,CHARADES
25983,CHARADES
18749,CHARADES
24341,CHARADES
23904,CHARADES
23872,CHARADES
26320,CHARADES
20802,CHARADES
21993,CHARADES
18053,CHARADES
22173,CHARADES
21440,CHARADES
28476,CHARADES	
23462,CHARADES 
29427,CHARADES S.A.S
23198,CHARADES SAS
29617,CINECITTA S.p. A.
26140,CINEMA INUTILE  INC.
26777,CINEMA MANAGEMENT GROUP
18629,CINEMA MANAGEMENT GROUP LLC
14880,CJ 4DPLEX
29553,CJ 4DPLEX CO. LTD 	 
20981,CJ 4DPLEX CO. Ltd.
23882,CJ CGV CO.  LTD.
8031,CJ E
13290,CJ ENM CO. LTD
19243,CJ ENM CO. LTD.
19240,CJ ENM CO. LTD.
20654,CJ ENM CO. Ltd
23587,CJ ENM Co.  Ltd.
27030,CJ HK Entertainment Company Ltd
23519,CLASSIC SRL
26872,COHEN MEDIA GROUP  LLC
28047,CONTENTS PANDA
29007,CONTENTS PANDA
26368,CS PRODUCTION
28166,CULTURE ENTERTAINMENT CO
23401,CULTURE ENTERTAINMENT CO.  LTD.
23639,CULTURE ENTERTAINMENT CO.  LTD.
27523,CULTURE ENTERTAINMENT CO.  LTD.
20489,Carlotta Films
29605,Castelao Pictures
24051,Castelao Pictures
22893,Castelao Pictures
20124,Celluloid Dreams SARL
24515,Celluloid Dreams SAS
26313,Celluloid Dreams SAS
24497,Celluloid Dreams SAS
22524,Central Partnerhsip Sales House LCC
21173,Central Partnership Sales House
19136,Central Partnership Sales House
22523,Cercamon MFZE
21356,Charades
24117,Charades
23548,Charades 
24066,Children's Town Limited.
25148,Choirock Contents Company Co.  Ltd.
18829,Choirock Contents Company Co. Ltd.
27548,Cinecittà S.p.A.
27989,Cinema Inutile
28363,Cinema Inutile
26750,Cinema Management Group
28083,Cinema Management Group  LLC
21528,Cinema Management Group LLC
20729,Cinephil
18785,Cinephil-Philippa Kowarsky Productions Ltd
3955,Cinémathèque Filmarchief
27047,Clover Films
27172,Cornerstone Films Ltd
21906,Creation Stories Limited
26751,CyberAgent  Inc.
26751,Cygames  Inc.
23637,DENTSU PROMOTION PLUS INC.
23638,DENTSU PROMOTION PLUS INC.
29093,DHARMA PRODUCTIONS
23121,DMM.com LLC
28159,DMM.com LLC 	 
25990,DOGWOOF LTD
27840,DOGWOOF LTD
28778,DOGWOOF LTD
28082,DR Sales
27109,DR Sales
29011,Deckert Distribution GmbH 
27414,Dentsu Anime Solutions Inc.
28826,Dentsu Anime Solutions lnc.
28840,Dentsu Anime Solutions lnc. 	 
27007,Dentsu Tec Inc.
28761,Deux Dames Entertainment
20674,Distribution Workshop (BVI) Limited
22309,Docs
28108,ELIZABETH PRODUCTIONS LIMITED
18268,ELLE DRIVER
24045,ELLE DRIVER
24063,ELLE DRIVER SAS
20873,ELLE DRIVER SAS
27873,ELYSIÜM CINÉ
18456,EMBANKMENT FILMS LIMITED
26339,EMBANKMENT FILMS LIMITED
17975,EMBANKMENT FILMS LIMITED
27512,EMBANKMENT FILMS LIMITED
29065,EPIC PICTURES GROUP  INC. 
26367,EPILEPTIC
29086,EST N8 LLC
26872,EURIMAGES
25631,EYRIE ENTERTAINMENT GmbH
20363,Elle Driver
24467,Embankment Films Ltd.
24053,Enjoy TV Holding Sdn. Bhd
29573,Epic Records Japan Inc.
29616,Ergis film Productions
21031,Error 404 Productions
21994,Essen.Communications Inc.
28404,EuropaCorp
20652,Evrit Consulting Kft.
20867,Exocorpus Productions
19601,FGD Movie Inc.
21821,FILM
27522,FILM 
25177,FILM BOUTIQUE SAS
21221,FILM CONSTELLATION LTD.
24094,FILM CONSTELLATION LTD.
26148,FILM CONSTELLATION LTD.
24256,FILM CONSTELLATION SAS
29064,FILM FACTORY ENTERTAINMENT
20596,FILM FACTORY ENTERTAINMENT
23560,FILM FACTORY ENTERTAINMENT
19857,FILM FACTORY ENTERTAINMENT
23122,FILM FACTORY ENTERTAINMENT
21352,FILM FACTORY ENTERTAINMENT
18826,FILM FOUR LIMITED
26872,FILM FUND LUXEMBOURG
24951,FILMS BOUTIQUE SAS
23887,FILMS BOUTIQUE SAS
20962,FILMS BOUTIQUE SAS
5183,FILMS DISTRIBUTION
27552,FILMS SANS FRONTIERES
25242,FINECUT
23146,FINECUT CO.  LTD
27763,FINECUT CO.  LTD.
9051,FINECUT CO.  LTD.
24842,FINECUT CO.  LTD.
29371,FINECUT CO.  LTD.
28490,FINECUT CO.  LTD.
26806,FINECUT CO.  LTD.
28475,FINECUT CO.  LTD.
20942,FINECUT CO. LTD
18516,FINECUT CO. LTD
20633,FINECUT CO. LTD.
20555,FINECUT CO. LTD.
18817,FINECUT CO. LTD.
24542,"FINECUT CO., LTD."
24201,"FINECUT CO., LTD."
22117,FIREBIRD PRODUCTION LIMITED
27873,FIXAFILM
22879,FLAMING DEVILS  LLC
13268,FONDAZIONE CINETECA DI BOLOGNA
3033,FORTISSIMO AMSTERDAM B.V
20741,FORTUNE STAR MEDIA LIMITED
20697,FORTUNE STAR MEDIA LIMITED
20763,FORTUNE STAR MEDIA LIMITED
20702,FORTUNE STAR MEDIA LIMITED
20451,FRANCE TELEVISIONS DISTRIBUTION
27603,FRANCE TELEVISIONS DISTRIBUTION
24284,FRANCE TELEVISIONS DISTRIBUTION
20177,FREANCE TELEVISIONS DISTRIBUTION
19690,FREEWAY ENTERTAINMENT KFT.
20528,FREEWAY ENTERTAINMENT KFT.
26682,FUJI CREATIVE CORPORATION
19788,FUJI CREATIVE CORPORATION
27491,FUJI CREATIVE CORPORATION
26122,FUJI CREATIVE CORPORATION
26949,FUJI CREATIVE CORPORATION
7310,FUNNY BALLOONS
24254,FUNNY BALLOONS
22020,FURYU CORPORATION
20143,Fandom Holdings LLC.
25827,Fandom Holdings LLC.
18693,Fandom Holdings LLC.
27178,Fantawild Animation Inc.
20941,Festimania Pictures SL
29188,Film 
26515,Film Constellation Ltd.
25130,Film Constellation SAS
26149,Film Factory Entertainment
25101,Film Factory Entertainment
23858,Film Factory Entertainment S.L.
24105,Film Mode Entertainment
20827,Film Republic Sales Ltd
28363,Films de Force Majeure
21165,Films de Force Majeure
26307,Filmtank Berlin
29099,Finecut Co.  Ltd.
21045,First Hand Films
24833,"Five Star Production Co.,Ltd."
21210,Five Star Production Company Limited
20740,Flying Clound Production Inc.
20671,Fortune Star Media Limited
25393,Frame of Mind Dilms  Inc
21717,France Televisions Distribution
22881,Free Stone Productions Co.  Ltd.
22508,Free Stone Productions Co.  Ltd.
20993,Free Stone Productions Co. LTD.
26388,Free Stone Productions Co. Ltd.
20951,Free Stone Productions Co. Ltd.
20235,Freeway Entertainment Kft.
24662,Freeway Entertainment Kft.
24108,Fuji Creative Corporation
22378,Fuji Creative Corporation
20865,Fuji Creative Corporation
28271,Funny Flux Co.  Ltd.
19357,G.H.Y. Culture 
24112,GAGA CORPORATION
27375,GAGA CORPORATION
23700,GAGA CORPORATION
21624,GAGA Corporation
22503,GAGA Corporation
28356,GAGA Corporation
21382,GAGA Corporation
21354,GAGA Corporation
20529,GAGA Corporation
29623,GAGA Corporation 
28178,GAGA Corporation.
27938,GAGA Corporstion
27958,GAGA Corporstion 	  	 
26656,GAUMONT
20485,GAUMONT S.A
21809,GAUMONT S.A.
27964,GAUMONT S.A.
20399,GAUMONT S.A.
6210,GAUMONT S.A.
27654,GDH 559 CO.  LTD.
24311,GDH 559 COMPANY LIMITED
29063,GDH 559 COMPANY LIMITED
25777,GDH 559 COMPANY LIMITED
29610,GDH 559 COMPANY LIMITED
22115,GEM ENTERTAINMENT KFT.
29716,GEM ENTERTAINMENT KFT.
24189,GEM ENTERTAINMENT KFT.
18014,GEM ENTERTAINMENT KFT.
22963,GEM ENTERTAINMENT KFT.
20929,GEM ENTERTAINMENT KFT.
27813,GEM Entertainment Kft.
23861,GEM Entertainment Kft.
25349,GEM Entertainment Kft.
27045,GEM Entertainment Kft.
26842,GEM Entertainment Kft.
23888,GEM Entertainment Kft. 
28527,GFM Animation
28213,GFM Animation
28176,GFM Animation Limited
20693,GFM FILMS LLP
26368,GLADYS GLOVER
20265,GMM TV COMPANY LIMITED
24915,GMM TV Company Limited
27736,GMM TV Company Limited
16906,GOLDCREST FILMS INTERNATIONAL LIMITED
26690,GOLDEN SCENE COMPANY LIMITED
23385,GOLDEN SCENE COMPANY LIMITED
27002,GOLDEN SCENE COMPANY LIMITED
26804,GOODFELAS
24573,GOODFELLAS
27483,GOODFELLAS
29527,GOODFELLAS SAS
26242,Gaga Corporation
26351,Gaumont
21355,Gaumont
23957,Gaumont S.A.
24095,Gaumont S.A.
15271,Giraffe Pictures PTE Ltd. 
5511,Goethe-Institut Korea
26398,Gold View Co.  Ltd.
27506,Golden Scene Company Limited
17126,Golden Scene Company Limited
21626,Good Move Media
19908,Good Move Media
20952,Good Vibe Media
20714,Good Vibe Media
25993,Gravitas Ventures  LLC
21758,Great Point Media Limited
26606,Green Light LCC.
22350,Green Light LLC.
27735,H264
27647,H264 
26630,HAKUHODO DY MUSIC 
26741,HAKUHODO DY MUSIC 
14480,HANWAY FILMS LIMITED
22611,HANWAY FILMS LIMITED
19272,HANWAY FILMS LIMITED
19092,HANWAY FILMS LIMITED
16474,HANWAY FILMS LIMITED
21265,HANWAY FILMS LIMITED
20445,HANWAY FILMS LIMITED
22407,HANWAY FILMS LIMITED
2858,HANWAY FILMS LIMITED
17878,HANWAY FILMS LIMITED
14021,HANWAY FILMS LIMITED
16101,HANWAY FILMS LIMITED
24703,HANWAY FILMS LIMITED
26881,HANWAY FILMS LIMITED 
28493,HI-AX LLP
19269,HIVE FILMWORKS INC.
25168,HOUSE OF FILM
26368,HOUSE ON FIRE
16189,HX Investment (HK) Limited
24496,HYPNOTIC FILM HOLDINGS LLC
27379,Hakuhodo DY music 
21780,Hakuhodo DY music 
29237,Hakuhodo DY music 
17129,Hakuhodo DY music 
28099,Hakuhodo DY music 
27966,Hakuhodo DY music 
19000,Hakuhodo DY music 
27029,Hakuhodo DY music 
27445,Hakuhodo DY music 
27648,Hakuhodo DY music 
21350,Hakuhodo DY music 
15965,Hanway Films Limited
20290,Hanway Films Limited
24734,Hanway Films Limited
20292,Hanway Films Limited
26389,Hanway Films Limited
20293,Hanway Films Limited
18530,Hanway Films Limited
26345,Hanway Films Limited
20291,Hanway Films Limited
26882,Hanway Films Limited 
24876,Happinet Phantoal Studios
29441,Happinet Phantom Studios Corporation
26751,Happinet Phantom Studios Corporation
27666,Happinet Phantom Studios Corporation
22421,Happinet Phantom Studios Corporation 
27873,Harine Films
24728,Harvest Film
20515,Haven Productions Ltd.
23437,Hedva Goldschmidt - Go2Films
19920,Heretic
25588,Hive Filmwokers Inc.
28280,Hollywood (Thailand) Co.  Ltd.
26631,Hollywood(Thailand)Co. Ltd
27949,House of Film LLC
24716,ILLUMINATIONS TELEVISION LTD.
21039,IMAX Corporation
21041,IMAX Corporation.
21037,IMAX Corporation.
23288,IMAX Corporation.
21040,IMAX Corporation.
21038,IMAX Corporation.
23287,IMAX Film Holding Co.
21036,IMAX Film Holding Co.
21035,IMAX Film Holding Co.
19093,INDIE SALES COMPANY
28526,INDIE SALES COMPANY
27416,INDIE SALES COMPANY
26692,INDIE SALES COMPANY
26967,INDIE SALES COMPANY
22754,INDIESTORY INC
26509,INOLMEDIA
20994,INOLMEDIA Co. Ltd
23366,INTERCONMEDIA INTERNATIONAL CO.  LTD.
25167,"INTERCONMEDIA INTERNATIONAL CO., LTD."
21536,INTRAMOVIES
18824,Ice Road Productions LLC
26038,Independent Entertainment
20801,Indiestory Inc.
29249,Inolmedia
27435,Ippo Inc.
23354,Iranian Independents
23041,Itami Productions Co.  Ltd.
23040,Itami Productions Co.  Ltd.
24994,"Itami Productions Co., Ltd."
24993,"Itami Productions Co., Ltd."
24991,"Itami Productions Co., Ltd."
24996,"Itami Productions Co., Ltd."
24995,"Itami Productions Co., Ltd."
24992,"Itami Productions Co., Ltd."
25099,"Itami Productions Co., Ltd."
25100,"Itami Productions Co., Ltd."
19787,J Storm
20779,JAPAN HOME VIDEO INC.
12431,JAVA FILMS
26647,JOINT VENTURE NOT FRIENDS
24094,JOYLAND LLC.
26751,JR East Marketing 
26140,JW SAB 
21732,Jet Tone Films Limited
20716,Jet Tone Films Limited
18149,Jet Tone Productions Ltd.
23576,Joint Venture Destiny The Movie
28479,K- MOVIE ENTERTAINMENT
20110,K-Movie Entertainment
20983,KADOKAWA
19264,KADOKAWA CORPORATION
22228,KADOKAWA CORPORATION
24118,KADOKAWA CORPORATION
26845,KADOKAWA CORPORATION
24212,KADOKAWA CORPORATION
24514,KADOKAWA CORPORATION
23249,KADOKAWA CORPORATION
24087,KADOKAWA CORPORATION
6308,KADOKAWA CORPORATION
21441,KADOKAWA CORPORATION
20101,KADOKAWA CORPORATION
26553,KADOKAWA CORPORATION
29483,KADOKAWA CORPORATION
29097,KADOKAWA CORPORATION 	 
19920,KARNAVAS-KONTOVRAKIS KAI SIA OE
26751,KDDI CORPORATION
23115,KING RECORD CO.  LTD.
23473,KING RECORD CO.  LTD.
26843,KING RECORD CO.  LTD.
20699,KING RECORD CO. LTD.
13292,KING RECORD COMPANY LIMITED
26578,KING RECORD COMPANY LIMITED
29763,KINO FILMS CO.  LTD.
29514,KINO FILMS CO. LTD
24253,KINO SWIAT
27643,KINOLOGY
26257,KINOLOGY
22349,KINOLOGY
29189,KINOLOGY.
28501,KINOLOGY.
28777,KINOSHITA GROUP CO.  LTD
25039,KINOSHITA GROUP CO.  LTD.
25992,KINOSHITA GROUP CO.  LTD.
23603,KINOSHITA GROUP CO.  LTD.
29653,KODANSHA Ltd.
18794,KT HITEL CO. LTD.
18813,KT HITEL CO. LTD.
26751,Kansai Television Co. Ltd.
20314,Kick The Machine Films
21388,Kinology
20300,Kinology
25445,KowaInternationalCo. Ltd.
25650,KowaInternationalCo. Ltd.
25651,KowaInternationalCo. Ltd.
28638,Kt alpha Co Ltd
25323,LATIDO CONSORCIO DE EXPORTACION DEL CINE ESPANOL SL
28045,LATIDO CONSORCIO DE EXPORTACION DEL CINE ESPANOL SL
21824,LE PACTE
28503,LE PACTE
25352,LE PACTE
23712,LE PETIT BUREAU S.A.S
22756,LES FILMS DE LA PLEIADE
21664,LES FILMS DU LOSANGE
29620,LES FILMS DU LOSANGE
23375,LES FILMS DU LOSANGE
25461,LES FILMS DU LOSANGE
20925,LIONS GATE INTERNATIONAL (UK) LIMITED
23426,LIONS GATE INTERNATIONAL (UK) LIMITED
26092,LOCO FILMS
21888,LOCO FILMS
23221,LOCO FILMS 
20673,LUNAR FILMS PTY LIMITED
20672,LUNAR FILMS PTY LIMITED
26794,LUXBOX
21866,LUXBOX SAS
29372,LUXBOX SAS
29652,LUXBOX SAS
27551,Latido C. E. C. E.
23392,Le Pacte
18306,Lemming Film
21399,Les Grands Films Classiques
26803,LevelK ApS
23154,LevelK ApS
26387,LevelK ApS
21380,LevelK ApS
21706,LevelK ApS
26691,Lightcraft Entertainment Sp. z o.o.
27446,Lions Gate International (UK) Limited
28384,Lotte CultureWorks Co.  Ltd.
23487,Lotus Production SRL
23838,Luminescence Kft.
23704,Luminescence Kft.
25040,Luminescence Kft.
25344,Luminescence Kft.
24880,Luminescence Kft.
28177,Luminescence Kft.
19991,Lunar Films Pty. Limited
24088,Luxbox SAS
8031,M CORPORATION
28301,M DISTRIBUTION CO.  LTD.
23199,M LINE DISTRIBUTION
27108,M PICTURES CO. LTD.
26126,M PICTURES COMPANY LIMITED
24309,M PICTURES COMPANY LIMITED
23085,M PICTURES COMPANY LIMITED
3142,M PICTURES COMPANY LIMITED.
26543,M Pictures CO.  LTD.
21236,M- Appeal
20661,M-LINE DISTRIBUTION
25425,M-Line Distribution
25413,"MA STUDIOS LTD,文化內容策進院,財團法人台北市文化基金會台北市電影委員會"
29157,MAD SOLUTIONS
16420,MADHOUSE Inc. 
18792,MAGIC FAIR LLC.
20193,MAGNETFILM GmbH.
19372,MAKARAMPA S.R.L.
21709,MANKIND CINEMAS
20289,MEDIAPRODUCCION S.L.U.
25985,MEDIAWAN RIGHTS
26247,MEDIAWAN RIGHTS
20632,MEMENTO FILMS INTERNATIONAL
22404,MEMENTO INTERNATIONAL
23933,MEMENTO INTERNATIONAL
23565,MEMENTO INTERNATIONAL
26508,MILLENNIUM MEDIA  INC.
17499,MILLENNIUM MEDIA  INC.
25428,MILLENNIUM MEDIA  INC. 
18816,"MILLENNIUM MEDIA,INC."
20365,MK2
938,MK2
2814,MK2 - SOCIÉTÉ PAR ACTIONS SIMPLIFIÉE
2813,MK2 - SOCIÉTÉ PAR ACTIONS SIMPLIFIÉE
2815,MK2 - SOCIÉTÉ PAR ACTIONS SIMPLIFIÉE
26932,MK2 FILMS
20758,MK2 FILMS
23187,MK2 FILMS
23516,MK2 FILMS
20728,MK2 FILMS
23754,MK2 FILMS
27156,MK2 FILMS
21021,MK2 FILMS
20457,MK2 FILMS
23493,MK2 FILMS
23792,MK2 FILMS
20804,MK2 FILMS
21032,MK2 FILMS
21659,MK2 FILMS
27014,MK2 FILMS
20943,MK2 FIMLS
20136,MK2 Films
10963,MK2 Films
21863,MK2 Films
22356,MK2 Films
20169,MK2 Films
21311,MK2 Films
18751,MK2 Films
27463,MK2 Films
15103,MK2 Films
24072,MK2 Films
26686,MK2 Films 
23897,MK2 films
2224,MK2-SOCIÉTÉ PAR ACTIONS SIMPLIFIÉE
18814,MK2–Société par Actions Simplifiée
18848,MK2–Société par Actions Simplifiée
18815,MK2–Société par Actions Simplifiée
18898,MK2–Société par Actions Simplifiée
28219,MM2 ENTERTAINMENT
24786,"MM2 Entertainment,J Team Productions,Beyond Consultancy Pte Ltd,Euroautomobile,Ginko Agt Alpha Fund,Johan Pte Ltd,Starngaga Pte Ltd,新樂傳媒 Vizpro Media International,Wholeteam Limited"
26033,MM2 STUDIOS HONG KONG  LTD
23965,MM2 STUDIOS HONG KONG LIMITED
27046,MONOLITH FILMS LTD. 
22959,MOTION PICTURE EXCHANGE LLC
23785,MPM PREMIUM
26731,MPM Premium
28877,MUBI INC.
27495,MVP Pictures (PT Tripar Multivision Plus Tbk)
26362,Magnolia Pictures
27001,Magnolia Pictures LLC
28829,Magnolia Pictures LLC
23948,Mainichi Broadcasting System  Inc.
25728,MakerVille Company Limited
24731,"MakerVille Company Limited,Noble Castle Asia Limited"
25537,Maria Rita TUCCIO
27641,Marvelous Inc.
21790,Marvelous Inc.
28378,Marvelous Inc.
27501,Marvelous Inc. 
22408,Marvelous Inc. 	
22167,Marvelous Inc. 	 
24096,Marvelous lnc.
21381,Masakazu Kaneko
22113,MegaboxJoongang  Inc
25244,Megaton Entertainment
24840,Memento Films International 
22738,Memento International
23352,Memento International 
29466,Mise en Scene Film Production Ltd
27784,Mono Streaming Company Limited
23508,More In Group Inc.
21214,Munchen
24717,NAXOS RIGHTS（Europe）Ltd
27438,NBC Film
28647,NERAMITNUNGFILM CO.  LTD.
20336,NEW DOCS e.K.
28564,NHK Enterprises Inc 	 
25313,NIKKATSU CORPORATION
25761,NIKKATSU CORPORATION
23492,NIKKATSU CORPORATION
20919,NIKKATSU CORPORATION
22532,NIKKATSU CORPORATION
21315,NIKKATSU CORPORATION
24418,NIKKATSU CORPORATION
24310,NIKKATSU CORPORATION
20609,NIKKATSU CORPORATION
24999,NIKKATSU CORPORATION
24200,NIKKATSU CORPORATION
24755,NIKKATSU CORPORATION
23224,NIKKATSU CORPORATION 
23663,NIKKATSU CORPORATION 
28552,NIKKATSU CORPORATION 
24468,NIPPON TELEVISION NETWORK CORPORATION
22431,NIPPON TELEVISION NETWORK CORPORATION
23192,NIPPON TELEVISION NETWORK CORPORATION
28207,NORLING STUDIOS
22307,NWAVE PICTURES
29618,Nagisa Oshima Productions  LTD
24060,Nagoya Broadcasting Network
23235,Nagoya Broadcasting Network Co.  Ltd.
22802,Nagoya Broadcasting Network Co.  Ltd.
28098,Nagoya Broadcasting Network Co.  Ltd.
28655,Nagoya Broadcasting Network Co.  Ltd. 
20295,Nagoya Broadcasting Network Co. Ltd.
19811,National Film and Sound Archive of Australia
18228,Neopa Inc
18231,Neopa Inc
22110,Neramitnung Film Co.  Ltd.
24867,New Europe Film Sales
27944,New Europe Film Sales sp. zo.o.
22512,Nikkatsu Corporation
22244,Nikkatsu Corporation
22533,Nikkatsu Corporation
22797,Nikkatsu Corporation
28894,Nippon Television Network Corporation
21058,Nippon Television Network Corporation
26580,Nippon Television Network Corporation
28302,Noontalk Media Ltd(午言媒體)
23828,OLIWOOD MEDIA LTD
20454,ORANGE STUDIO
20903,ORANGE STUDIO
25118,ORANGE STUDIO
25042,ORANGE STUDIO
23666,ORANGE STUDIO 
23546,ORANGE STUDIO S.A
23519,ORLY FILMS 
14475,OSHIMA PRODUCTIONS LTD
23285,OTHER ANGLE PICTURES
3350,OTHER ANGLE PICTURES
28302,Oak3 Films Pte. Ltd(松山電影)
22270,Odin's Eye Animation Pty Ltd
26208,One Tree Productions Pty Ltd
26780,Op-Docs | The New York Times
20406,Orange Studio
23345,Orisa produzioni Srl
20862,Other Angle Pictures
22740,Other Angle Pictures
28270,PANCINEMA
23519,PARADIS FILMS
21732,PARADIS FILMS
23736,PARAMOUNT PICTURES CORPORATION
20820,PARAMOUNT PICTURES CORPORATION
18983,PARAMOUNT PICTURES CORPORATION
21117,PARAMOUNT PICTURES CORPORATION
22373,PARAMOUNT PICTURES CORPORATION
20748,PARAMOUNT PICTURES CORPORATION
24868,PARAMOUNT PICTURES CORPORATION
24532,PARAMOUNT PICTURES CORPORATION
23794,PARAMOUNT PICTURES CORPORATION
25061,PARAMOUNT PICTURES CORPORATION
29206,PARAMOUNT PICTURES CORPORATION
20240,PARAMOUNT PICTURES CORPORATION
27870,PARAMOUNT PICTURES CORPORATION
23517,PARAMOUNT PICTURES CORPORATION
26796,PARAMOUNT PICTURES CORPORATION
28393,PARAMOUNT PICTURES CORPORATION
22195,PARAMOUNT PICTURES CORPORATION
19919,PARAMOUNT PICTURES CORPORATION
29633,PARAMOUNT PICTURES CORPORATION
22328,PARAMOUNT PICTURES CORPORATION
25816,PARAMOUNT PICTURES CORPORATION
25460,PARAMOUNT PICTURES CORPORATION
27387,PARAMOUNT PICTURES CORPORATION
28892,PARAMOUNT PICTURES CORPORATION
20384,PARK CIRCUS LIMITED
14586,PARK CIRCUS Limited
23320,PARKLAND PICTURES LIMITED
27229,PATHE FILMS
15218,PATHE FILMS S.A.S
18169,PATHE FILMS S.A.S
23546,PATHE FILMS S.A.S
28776,PATHE FILMS S.A.S.
22243,PATHE FILMS S.A.S.
26624,PATHE FUND LIMITED
23927,PETRA Films Pte Ltd 
18291,PICTURE TREE INTERNATIONAL GMBH
29656,PLAYGRAM CO. LTD.
29593,PLAYTIME
26314,PLAYTIME
22894,PONY CANYON
19242,PONY CANYON INC.
22511,PONY CANYON INC.
24317,PONY CANYON INC.
29517,PONY CANYON INC.
26193,PONY CANYON INC.
23416,PONY CANYON INC.
23222,PONY CANYON INC.
22380,PONY CANYON INC.
19766,PONY CANYON INC.
18705,PONY CANYON INC.
23264,PONY CANYON INC.
23262,PONY CANYON INC.
14034,PONY CANYON INC.
20824,PONY CANYON INC.
29516,PONY CANYON INC. 
28532,PONY CANYON INC. 
28504,PONY CANYON INC.  	 
27120,PONYCANYON USA INC.
27437,PREMIERE ENTERTAINMENT GROUP LLC
28783,PREMIERE ENTERTAINMENT GROUP LLC
28828,PREMIERE ENTERTAINMENT GROUP LLC
23665,PREMIERE ENTERTAINMENT GROUP LLC
18620,PRENOM H. Co.  Ltd.
18040,PROTAGONIST PICTURES LIMITED
20683,PROTAGONIST PICTURES LIMITED
26150,PT MD Pictures Tbk.
27235,PT VISINEMA PICTURES
27997,PT. Multi Utama Media
26431,PT.KHARISMA STARVISION PLUS
23859,PULSAR CONTENT SAS 
14845,PYRAMIDE INTERNATIOANL
25763,PYRAMIDE INTERNATIONAL
26941,PYRAMIDE INTERNATIONAL
23827,PYRAMIDE INTERNATIONAL
20395,PYRAMIDE INTERNATIONAL
25175,Park Circus
26361,Park Circus Group
29619,Park Circus Limited
22755,Park Circus Limited
17581,Park Circus Limited
22758,Park Circus Limited
23727,Piano B Prosuzioni s.r.l.
27821,Picture Tree International GmbH
25163,Picture Tree International GmbH 
26957,Playtime
20364,Playtime
19204,Playtime
21660,Playtime
20928,Playtime
25246,Playtime
17412,Playtime
19922,Pluto Film Distribution Network Gmbh
25176,PonyCanyon
25241,PonyCanyon
27873,Potocol Pte. Ltd.
27550,Producciones La Tiorba
28310,Pyramide International
25360,Pyramide International
25423,Pyramide International
29702,Pyramide International
21386,RAKUTEN GROUP INC
28214,RAVEN BANNER ENTERTAINMENT INC.
23364,REDIANCE
25086,RELAY MOTION KFT.
24881,RELAY MOTION KFT.
24073,RELAY MOTION KFT.
24841,RELAY MOTION KFT.
26324,RELAY MOTION KFT.
25729,RELAY MOTION KFT.
25801,RELAY MOTION KFT.
23892,RELAY MOTION KFT.
24661,RELAY MOTION KFT.
21945,RELAY MOTION KFT.
26377,RELAY MOTION KFT.
28455,RELAY MOTION KFT.
28654,RELAY MOTION KFT.
28534,RELAY MOTION KFT.
27447,RELAY MOTION KFT.
27810,RELAY MOTION KFT.
28738,RELAY MOTION KFT.
28782,RELAY MOTION KFT.
28839,RELAY MOTION KFT.
27623,RELAY MOTION KFT.
29513,RELAY MOTION KFT.
28403,RELAY MOTION KFT.
28198,RELAY MOTION KFT.
26625,RELAY MOTION KFT.
27155,RELAY MOTION KFT.
26959,RELAY MOTION KFT.
26759,RELAY MOTION KFT.
27952,RELAY MOTION KFT.
27343,RELAY MOTION KFT.
26581,RELAY MOTION KFT.
26779,RELAY MOTION KFT.
18137,RELAY MOTION KFT.
28269,RELAY MOTION KFT.
26990,RELAY MOTION KFT.
27372,RELAY MOTION KFT.
28569,RELAY MOTION KFT.
29718,RELAY MOTION KFT.
26926,RELAY MOTION KFT.
27836,RELAY MOTION KFT.
26805,RELAY MOTION KFT.
28878,RELAY MOTION KFT.
28165,RELAY MOTION KFT.
29757,RELAY MOTION KFT.
28964,RELAY MOTION KFT.
29736,RELAY MOTION KFT.
27028,RELAY MOTION KFT.
27327,RELAY MOTION KFT.
27382,RELAY MOTION KFT.
27151,RELAY MOTION KFT.
27500,RELAY MOTION KFT.
26566,RELAY MOTION KFT.
28410,RELAY MOTION KFT.
24531,RELAY MOTION KFT.
28626,RELAY MOTION KFT.
27646,RELAY MOTION KFT.
27812,RELAY MOTION KFT.
29390,RELAY MOTION KFT.
28063,RELAY MOTION KFT.
29009,RELAY MOTION KFT.
27667,RELAY MOTION KFT.
29645,RELAY MOTION KFT.
26763,RELAY MOTION KFT.
28653,RELAY MOTION KFT.
27547,RELAY MOTION KFT.
26760,RELAY MOTION KFT.
27932,RELAY MOTION KFT.
29525,RELAY MOTION KFT.
27811,RELAY MOTION KFT.
24260,RELAY MOTION KFT.
27768,RELAY MOTION KFT.
27070,RELAY MOTION KFT.
28349,RELAY MOTION KFT.
28010,RELAY MOTION KFT.
28784,RELAY MOTION KFT.
27237,RELAY MOTION KFT.
19169,RELAY MOTION KFT.
26856,RELAY MOTION KFT.
24754,RELAY MOTION KFT.
26352,RELAY MOTION KFT.
24432,RELAY MOTION KFT.
23123,RELAY MOTION KFT.
23312,RELAY MOTION KFT.
24834,RELAY MOTION KFT.
28477,RELAY MOTION KFT.
23145,RELAY MOTION KFT.
24789,RELAY MOTION KFT.
26454,RELAY MOTION KFT.
25072,RELAY MOTION KFT.
25245,RELAY MOTION KFT.
24033,RELAY MOTION KFT.
24308,RELAY MOTION KFT.
25815,RELAY MOTION KFT.
25105,RELAY MOTION KFT.
25324,RELAY MOTION KFT.
24914,RELAY MOTION KFT.
16264,RELAY MOTION KFT.
23956,RELAY MOTION KFT.
24050,RELAY MOTION KFT.
26817,RELAY MOTION KFT.
27053,RELAY MOTION KFT.
26696,RELAY MOTION KFT.
26618,RELAY MOTION KFT.
26911,RELAY MOTION KFT.
27417,RELAY MOTION KFT.
28086,RELAY MOTION KFT.
28760,RELAY MOTION KFT.
26950,RELAY MOTION KFT.
26776,RELAY MOTION KFT.
26596,RELAY MOTION KFT.
27876,RELAY MOTION KFT.
28506,RELAY MOTION KFT.
27534,RELAY MOTION KFT.
19640,RELAY MOTION KFT.
28164,RELAY MOTION KFT.
29235,RELAY MOTION KFT.
29630,RELAY MOTION KFT.
29501,RELAY MOTION KFT.
26661,RELAY MOTION KFT.
29470,RELAY MOTION KFT.
27222,RELAY MOTION KFT.
29406,RELAY MOTION KFT.
27933,RELAY MOTION KFT.
27606,RELAY MOTION KFT.
29715,RELAY MOTION KFT.
29439,RELAY MOTION KFT.
27722,RELAY MOTION KFT.
28929,RELAY MOTION KFT.
26562,RELAY MOTION KFT.
23415,RELAY MOTION KFT.
29096,RELAY MOTION KFT.
25772,RELAY MOTION KFT.
25710,RELAY MOTION KFT.
24206,RELAY MOTION KFT.
26353,RELAY MOTION KFT.
25494,RELAY MOTION KFT.
23486,RELAY MOTION KFT.
26260,RELAY MOTION KFT.
23383,RELAY MOTION KFT.
25322,RELAY MOTION KFT.
25024,RELAY MOTION KFT.
25638,RELAY MOTION KFT.
26026,RELAY MOTION KFT.
25736,RELAY MOTION KFT.
26381,RELAY MOTION KFT.
23216,RELAY MOTION KFT.
23796,RELAY MOTION KFT.
26219,RELAY MOTION KFT.
23960,RELAY MOTION KFT.
25407,RELAY MOTION KFT.
21823,RELAY MOTION KFT.
20335,RELAY MOTION KFT.
23362,RELAY MOTION KFT.
20402,RELAY MOTION KFT.
22653,RELAY MOTION KFT.
22221,RELAY MOTION KFT.
22628,RELAY MOTION KFT.
21164,RELAY MOTION KFT.
20778,RELAY MOTION KFT.
22648,RELAY MOTION KFT.
20460,RELAY MOTION KFT.
24037,RELAY MOTION KFT.
21436,RELAY MOTION KFT.
23856,RELAY MOTION KFT.
23586,RELAY MOTION KFT.
21736,RELAY MOTION KFT.
21615,RELAY MOTION KFT.
21222,RELAY MOTION KFT.
21858,RELAY MOTION KFT.
22473,RELAY MOTION KFT.
21763,RELAY MOTION KFT.
20398,RELAY MOTION KFT.
22925,RELAY MOTION KFT.
23015,RELAY MOTION KFT.
24733,RELAY MOTION KFT.
26441,RELAY MOTION KFT.
22004,RELAY MOTION KFT.
24551,RELAY MOTION KFT.
23721,RELAY MOTION KFT.
23248,RELAY MOTION KFT.
24351,RELAY MOTION KFT.
25535,RELAY MOTION KFT.
25592,RELAY MOTION KFT.
24312,RELAY MOTION KFT.
24492,RELAY MOTION KFT.
23645,RELAY MOTION KFT.
25318,RELAY MOTION KFT.
25361,RELAY MOTION KFT.
8074,RELAY MOTION KFT.
26496,RELAY MOTION KFT.
16076,RELAY MOTION KFT.
25212,RELAY MOTION KFT.
23507,RELAY MOTION KFT.
23547,RELAY MOTION KFT.
25829,RELAY MOTION KFT.
23289,RELAY MOTION KFT.
25311,RELAY MOTION KFT.
26405,RELAY MOTION KFT.
19852,RELAY MOTION KFT.
18774,RELAY MOTION KFT.
21237,RELAY MOTION KFT.
20762,RELAY MOTION KFT.
21065,RELAY MOTION KFT.
22230,RELAY MOTION KFT.
23286,RELAY MOTION KFT.
20211,RELAY MOTION KFT.
20861,RELAY MOTION KFT.
21973,RELAY MOTION KFT.
23148,RELAY MOTION KFT.
20561,RELAY MOTION KFT.
21838,RELAY MOTION KFT.
21802,RELAY MOTION KFT.
23338,RELAY MOTION KFT.
20963,RELAY MOTION KFT.
21862,RELAY MOTION KFT.
19952,RELAY MOTION KFT.
21514,RELAY MOTION KFT.
20530,RELAY MOTION KFT.
20736,RELAY MOTION KFT.
20568,RELAY MOTION KFT.
20692,RELAY MOTION KFT.
20192,RELAY MOTION KFT.
19318,RELAY MOTION KFT.
22714,RELAY MOTION KFT.
19921,RELAY MOTION KFT.
20217,RELAY MOTION KFT.
20560,RELAY MOTION KFT.
20715,RELAY MOTION KFT.
22005,RELAY MOTION KFT.
20472,RELAY MOTION KFT.
21589,RELAY MOTION KFT.
23615,RELAY MOTION KFT.
26045,RELAY MOTION KFT.
25160,RELAY MOTION KFT.
24714,RELAY MOTION KFT.
26037,RELAY MOTION KFT.
25092,RELAY MOTION KFT.
24516,RELAY MOTION KFT.
20809,RELAY MOTION KFT.
21389,RELAY MOTION KFT.
22260,RELAY MOTION KFT.
21869,RELAY MOTION KFT.
22337,RELAY MOTION KFT.
20294,RELAY MOTION KFT.
19783,RELAY MOTION KFT.
24106,RELAY MOTION KFT.
22397,RELAY MOTION KFT.
22308,RELAY MOTION KFT.
22679,RELAY MOTION KFT.
21033,RELAY MOTION KFT.
23218,RELAY MOTION KFT.
23186,RELAY MOTION KFT.
22902,RELAY MOTION KFT.
18812,RELAY MOTION KFT.
21393,RELAY MOTION KFT.
20125,RELAY MOTION KFT.
23128,RELAY MOTION KFT.
22474,RELAY MOTION KFT.
22801,RELAY MOTION KFT.
20554,RELAY MOTION KFT.
21707,RELAY MOTION KFT.
20356,RELAY MOTION KFT.
23147,RELAY MOTION KFT.
20930,RELAY MOTION KFT.
25188,RELAY MOTION KFT.
24286,RELAY MOTION KFT.
24090,RELAY MOTION KFT.
25178,RELAY MOTION KFT.
25933,RELAY MOTION KFT.
23713,RELAY MOTION KFT.
23711,RELAY MOTION KFT.
24062,RELAY MOTION KFT.
25800,RELAY MOTION KFT.
24870,RELAY MOTION KFT.
23651,RELAY MOTION KFT.
26192,RELAY MOTION KFT.
26267,RELAY MOTION KFT.
24970,RELAY MOTION KFT.
26305,RELAY MOTION KFT.
25340,RELAY MOTION KFT.
25536,RELAY MOTION KFT.
25044,RELAY MOTION KFT.
23894,RELAY MOTION KFT.
24637,RELAY MOTION KFT.
23771,RELAY MOTION KFT.
26218,RELAY MOTION KFT.
23564,RELAY MOTION KFT.
24940,RELAY MOTION KFT.
25141,RELAY MOTION KFT.
26278,RELAY MOTION KFT.
22241,RELAY MOTION KFT.
23661,RELAY MOTION KFT.
23590,RELAY MOTION KFT.
24414,RELAY MOTION KFT.
25893,RELAY MOTION KFT.
26513,RELAY MOTION KFT.
23614,RELAY MOTION KFT.
27492,RESERVOIR DOCS
20414,REinvent Studios International Sales
26960,RIGHTS CUBE Inc.
24109,RIGHTS CUBE Inc.
26730,Rai Cinema Channel
24061,Reel Suspects
23488,Reel Suspects
28639,Reel Suspects S.A.R.L.
24913,Rockwell Eyes Inc.
20374,Rockwell Eyes Inc.
18319,Rockwell Eyes Inc.
23342,Royal National Theatre
21268,Royal National Theatre
21515,Royal National Theatre
21312,Royal National Theatre
21740,S-MEDIA.TV s.r.o.
21352,S.L.
20596,S.L.
23560,S.L.
19857,S.L.
27770,S.L.U.
24051,S.L.U.
19205,S.L.U.
26584,SAS Jonas Films
26382,SBS Distribution
21941,SDP INC.
25243,SDP INC.
25131,SEDIC INTERNATIONAL INC.
29052,SEDIC INTERNATIONAL INC.
15757,SHAKESPEARE'S GLOBE TRUST
29669,SHIN-EI ANIMATION CO.  LTD.  	 
24089,SHOCHIKU CO.  LTD
6711,SHOCHIKU CO.  LTD.
20675,SHOCHIKU CO. LTD
27665,SHOCHIKU CO. LTD.
20749,SHOWBOX CORP.
27769,SKYLINE MEDIA CO.  LTD.
26266,SOCIETE NOUVELLE DE DISTRIBUTION
28069,SOCIETE NOUVELLE DE DISTRIBUTION
23550,SOCIETE NOUVELLE DE DISTRIBUTION
22525,SOCIETE PARISIENNE DE PRODUCTION SARL
29598,SOCIETE PARISIENNE DE PRODUCTION SARL 
26127,SOCIÉTÉ PARISIENNE DE PRODUCTION SARL
16612,SOCIÉTÉ PARISIENNE DE PRODUCTION SARL
22116,SONY PICTURES RELEASING INTERNATIONAL CORPORATION.
19984,SONY PICTURES RELEASING INTERNATIONAL CORPORATION.
26738,SONY PICTURES RELEASING INTERNATIONAL CORPORATION.
24998,SONY PICTURES RELEASING INTERNATIONAL CORPORATION.
25279,SONY PICTURES RELEASING INTERNATIONAL CORPORATION.
24097,SONY PICTURES RELEASING INTERNATIONAL CORPORATION.
29584,SONY PICTURES RELEASING INTERNATIONAL CORPORATION.
24499,SONY PICTURES RELEASING INTERNATIONAL CORPORATION.
26940,SONY PICTURES RELEASING INTERNATIONAL CORPORATION.
26565,SONY PICTURES RELEASING INTERNATIONAL CORPORATION.
20539,SONY PICTURES RELEASING INTERNATIONAL CORPORATION.
27809,SONY PICTURES RELEASING INTERNATIONAL CORPORATION.
21777,SONY PICTURES RELEASING INTERNATIONAL CORPORATION.
26075,SONY PICTURES RELEASING INTERNATIONAL CORPORATION.
22372,SONY PICTURES RELEASING INTERNATIONAL CORPORATION.
26210,SONY PICTURES RELEASING INTERNATIONAL CORPORATION.
24866,SONY PICTURES RELEASING INTERNATIONAL CORPORATION.
20786,SONY PICTURES RELEASING INTERNATIONAL CORPORATION.
25211,SONY PICTURES RELEASING INTERNATIONAL CORPORATION.
24857,SONY PICTURES RELEASING INTERNATIONAL CORPORATION.
21930,SONY PICTURES RELEASING INTERNATIONAL CORPORATION.
23629,SONY PICTURES RELEASING INTERNATIONAL CORPORATION.
21867,SONY PICTURES RELEASING INTERNATIONAL CORPORATION.
23321,SONY PICTURES RELEASING INTERNATIONAL CORPORATION.
22709,SONY PICTURES RELEASING INTERNATIONAL CORPORATION.
18958,SONY PICTURES RELEASING INTERNATIONAL CORPORATION.
7858,SONY PICTURES RELEASING INTERNATIONAL CORPORATION.
23855,SONY PICTURES RELEASING INTERNATIONAL CORPORATION.
27607,SONY PICTURES RELEASING INTERNATIONAL CORPORATION.
20189,SONY PICTURES RELEASING INTERNATIONAL CORPORATION.
18866,SONY PICTURES RELEASING INTERNATIONAL CORPORATION.
19955,SONY PICTURES RELEASING INTERNATIONAL CORPORATION.
22222,SONY PICTURES RELEASING INTERNATIONAL CORPORATION.
23399,SONY PICTURES RELEASING INTERNATIONAL CORPORATION.
22194,SONY PICTURES RELEASING INTERNATIONAL CORPORATION.
23014,SONY PICTURES RELEASING INTERNATIONAL CORPORATION.
22118,SONY PICTURES RELEASING INTERNATIONAL CORPORATION.
25493,SONY PICTURES RELEASING INTERNATIONAL CORPORATION.
27546,SONY PICTURES RELEASING INTERNATIONAL CORPORATION.
27877,SONY PICTURES RELEASING INTERNATIONAL CORPORATION.
28197,SONY PICTURES RELEASING INTERNATIONAL CORPORATION.
26927,SPO Entertainment Inc.
17498,SPO Entertainment Inc.
20170,SPO Entertainment Inc.
23188,STAR INDIA PRIVATE LIMITED
25630,STRANGER FILM SALES
9977,STUDIO GHIBLI INC.
23489,STUDIOCANAL
25186,STUDIOCANAL
23837,STUDIOCANAL
21019,STUDIOCANAL
24498,STUDIOCANAL
23825,STUDIOCANAL
27785,STUDIOCANAL
27786,STUDIOCANAL
25828,STUDIOCANAL
29764,STUDIOCANAL
27764,STUDIOCANAL
24107,STUDIOCANAL
25284,STUDIOCANAL
25070,STUDIOCANAL S.A.S.
25046,STUDIOCANAL S.A.S.
20486,STUDIOCANAL S.A.S.
25187,STUDIOCANAL S.A.S.
20803,STUDIOCANAL S.A.S.
24213,STUDIOCANAL S.A.S.
26216,STUDIOCANAL S.A.S.
24377,STUDIOCANAL S.A.S.
6630,STUDIOCANAL S.A.S.
24034,STUDIOCANAL S.A.S.
23787,STUDIOCANAL S.A.S.
26554,STUDIOCANAL S.A.S. 
26669,STUDIOCANAL S.A.S. 
23155,STX PRODUCTIONS  LLC
20770,STX PRODUCTIONS LLC
19475,STX PRODUCTIONS LLC
20982,STX PRODUCTIONS LLC
28485,Sahamongkolfilm International
29717,Sahamongkolfilm International Co.  Ltd.
28279,Sahamongkolfilm International Co.  Ltd.
21115,Sahamongkolfilm International Co. Ltd.
21066,Sahamongkolfilm International Co. Ltd.
20659,Schiller Film Group Inc.
28551,Schiller Film Group lnc.
20201,Seville International
23935,Shochiku Co.  Ltd.
20047,Shochiku Co. Ltd
22197,Shochiku Co. Ltd
23341,Shochiku Co. Ltd.
20541,Shochiku Co. Ltd.
19061,Shochiku Co. Ltd.
19896,Shochiku Co. Ltd.
25079,"Shochiku Co., Ltd. "
25041,"Shochiku Co., Ltd. "
26426,Shochiku.  Ltd.
23566,Sideways Film Ltd
24074,Skyline Media Co.  Ltd
21789,Société Parisienne de Production SARL
29573,Sony Music Entertainment(Japan)Inc.
26349,Sony Pictures Classics Inc.
24781,Sony Pictures Entertainment Inc.
26439,Sony Pictures International Productions
27490,Sony Pictures Releasing
21123,Spectre Productions
24349,Sphere Film International Inc.
24138,Sphere Films International
22172,Studio 100 Film GmbH
27833,Studio 100 Film GmbH
28000,Studio 100 Film GmbH
18924,Studio 100 Film GmbH
20610,Studio Ghibli Inc.
22878,Studio Ghibli Inc.
23783,Studio Ghibli Inc.
26514,Studio Ghibli Inc.
25730,Studio Ghibli Inc.
20936,Studio Ghibli Inc.
20823,Studio Ghibli Inc.
20653,Studio Ghibli Inc.
26448,Studio Ghibli Inc.
26492,Studio Ghibli Inc.
26545,Studio Ghibli Inc.
27157,Studio Ghibli Inc.
23602,Studio Ghibli Inc.
21020,Studio Ghibli Inc.
19696,StudioCanal
24522,StudioCanal
20184,StudioCanal SAS
17916,Studiocanal S.A.S
19659,Studiocanal S.A.S
29250,Studiocanal S.A.S
23386,TAMASA DISTRIBUTION
23274,TAMASA DISTRIBUTION
23275,TAMASA DISTRIBUTION
19736,TAMASA DISTRIBUTION
20918,TBS GLOWDIA INC.
29563,TELECINCO CINEMA S.A.U
21214,TELEPOOL GmbH
26212,TEWSF S.C.S.
18737,TF1 DROITS AUDIOVISUELS
18305,TF1 DROITS AUDIOVISUELS
18761,TF1 DROITS AUDIOVISUELS
18469,TF1 DROITS AUDIOVISUELS
18538,TF1 DROITS AUDIOVISUELS
16808,TF1 DROITS AUDIOVISUELS 
16990,TF1 DROITS AUDIOVISUELS 
16868,TF1 DROITS AUDIOVISUELS 
16947,TF1 DROITS AUDIOVISUELS 
1691,TF1 INTERNATIONAL
21920,TF1 STUDIO
23660,THE MATCH FACTORY
20556,THE MATCH FACTORY
20413,THE MATCH FACTORY
21857,THE MATCH FACTORY GmbH
23511,THE MATCH FACTORY GmbH
22715,THE MATCH FACTORY GmbH
25771,THE MATCH FACTORY Gmbh
18306,THE NETHERLANDS FILM FUND (THE NETHERLANDS FILM PRODUCTION INCENTIVE)
24488,THE PARTY FILM SALES
26872,THE RED SEA FUND
21363,THEO ANGELOPOULOS FILM PRODUCTIONS L.P.
21362,THEO ANGELOPOULOS FILM PRODUCTIONS L.P.
21365,THEO ANGELOPOULOS FILM PRODUCTIONS L.P.
21359,THEO ANGELOPOULOS FILM PRODUCTIONS L.P.
21361,THEO ANGELOPOULOS FILM PRODUCTIONS L.P.
21358,THEO ANGELOPOULOS FILM PRODUCTIONS L.P.
21360,THEO ANGELOPOULOS FILM PRODUCTIONS L.P.
21364,THEO ANGELOPOULOS FILM PRODUCTIONS L.P.
21366,THEO ANGELOPOULOS FILM PRODUCTIONS L.P.
29428,THONGKHAM FILMS
26022,THONGKHAM FILMS
24575,"TIME, Inc. "
20759,TMS ENTERTAINMENT CO.  LTD
28570,TMS ENTERTAINMENT CO.  LTD.
22504,TMS ENTERTAINMENT CO.  LTD.
25412,TMS ENTERTAINMENT CO.  LTD.
25934,TOEI ANIMATION CO.  LTD.
29707,TOEI ANIMATION CO.  LTD.
26666,TOEI ANIMATION CO.  LTD.
25895,"TOEI ANIMATION CO., LTD."
21992,TOEI ANIMATION ENTERPRISES LIMITED.
21991,TOEI ANIMATION ENTERPRISES LIMITED.
20405,TOEI ANIMATION ENTERPRISES LIMITED.
23537,TOEI ANIMATION ENTERPRISES LTD.
28747,TOEI COMPANY  LTD.
26579,TOEI COMPANY  LTD.
23554,TOEI COMPANY  LTD.
25444,TOEI COMPANY  LTD.
26645,TOEI COMPANY  LTD.
18637,TOEI COMPANY LTD.
25632,TOEI VIDEO COMPANY  LTD.
26279,TOEI VIDEO COMPANY  LTD.
19954,TOEL COMPANY LTD.
21537,TOHO CO  LTD
25672,TOHO CO.  LTD.
14811,TOHO CO.  LTD.
28478,TOHO CO.  LTD.
24925,TOHO CO.  LTD.
25317,TOHO CO.  LTD.
24544,TOHO CO.  LTD.
28111,TOHO CO.  LTD.
25649,TOHO CO.  LTD.
23742,TOHO CO.  LTD.
22962,TOHO CO.  LTD.
27950,TOHO CO.  LTD.
28392,TOHO CO.  LTD. 
21625,TOHO CO. LTD.
18685,TOHO CO. LTD.
25267,"TOHO CO., LTD."
16958,TOHO COMPANY  LTD
28491,TOHO Co.  Ltd.
26572,TOHO Co.  Ltd. 
26617,TOHOKUSHINSHA FILM CORPORATION
22882,TOHOKUSHINSHA FILM CORPORATION
16758,TOHOKUSHINSHA FILM CORPORATION
21933,TOKYO BROADCASTING SYSTEM TELEVISION  INC.
18297,TOKYO BROADCASTING SYSTEM TELEVISION INC.
25117,"TOKYO BROADCASTING SYSTEM TELEVISION, INC."
25029,"TOKYO BROADCASTING SYSTEM TELEVISION, INC."
28377,TOKYO BROADCASTING SYSTEN TELEVISION  INC.
24313,TOTEM FILMS
19731,TOTEM FILMS
29238,TOTEM FILMS SAS
22196,TOTEM FILMS SAS
29608,TRAFALGAR RELEASING LIMITED
23946,TRUE COLOURS GLORIOUS FILMS S.R.L.
28212,TRUE COLOURS GLORIOUS FILMS SRL
27360,TRUE COLOURS glorious films S.r.l.
26121,TRUSTNORDISK
27180,TRUSTNORDISK APS
27913,TRUSTNORDISK APS
27436,TRUSTNORDISK APS
21974,TRUSTNORDISK APS
26756,TRUSTNORDISK APS
26481,TRUSTNORDISK APS
26884,TRUSTNORDISK APS
22232,TSUBURAYA PRODUCTIONS
21821,TV HOUSE LIMITED
20879,TV TOKYO CORPORATION
20726,TV TOKYO CORPORATION
20727,TV TOKYO CORPORATION
20669,TV TOKYO Corporation
22003,TV TOKYO Corporation
616,TWENTIETH CENTURY FOX INTERNATIONAL CORPORATION
20674,Taiwan Branch
26384,Taj Intaj
23339,Tales of Honey Limited
27558,Tamasa Distribution
27556,Tamasa Distribution
27560,Tamasa Distribution
27559,Tamasa Distribution
27555,Tamasa Distribution
4469,Tamasa Distribution
24490,Tamasa Distribution
24491,Tamasa Distribution
27557,Tamasa Distribution
27554,Tamasa Distribution
27553,Tamasa Distribution
25102,Telepool GmbH
24552,Telepool GmbH
26571,Telepool GmbH
26360,Terayama World Co. Ltd.
26359,Terayama World Co. Ltd.
26360,Terayama World Co. Ltd.
26360,Terayama World Co. Ltd.
26360,Terayama World Co. Ltd.
26359,Terayama World Co. Ltd.
26359,Terayama World Co. Ltd.
26359,Terayama World Co. Ltd.
26359,Terayama World Co. Ltd.
17254,The Bureau Sales
29166,The Coven
29083,The Coven
7635,The French Institute
4395,The French Institute
7634,The French Institute
28385,The Japan Foundation
27983,The Japan Foundation
27986,The Japan Foundation
27978,The Japan Foundation
27982,The Japan Foundation
25320,The Klockworx Co. Ltd.
23107,The Klockworx Co. Ltd.
24753,The Klockworx Co. Ltd.
20313,The Match Factory
23376,The Match Factory GmbH
26427,The Match Factory GmbH
25861,The Match Factory GmbH
25397,The Match Factory GmbH
24010,The Match Factory GmbH
20279,The Match Factory GmbH
26917,The Match Factory GmbH
20239,The Match Factory GmbH
23886,The Match Factory GmbH
27511,The Match Factory GmbH
21180,The Novice LLC
26147,The Party Film Sales
23390,The Pinkfong Company  Inc.
22432,The Playmaker Munich
20105,The Pokémon Company
25773,The Royal National Theatre
26265,The Royal National Theatre
27651,The Royal National Theatre
27841,The Royal National Theatre
27998,The Royal National Theatre
25894,The Royal National Theatre
27951,The Royal National Theatre
26277,The Royal National Theatre
25080,The Royal National Theatre Live
8985,The Saul Zaentz Company
28160,Toei Animation CO. LTD 
23463,Toei Animation Co.  Ltd.
22423,Toei Company  LTD.
23962,Toei Company  Ltd.
24431,"Toei Company, Ltd."
15670,Toho Co.  Ltd.
26478,Toho Co.  Ltd.
20186,Toho Co. Ltd.
19389,Toho Co. Ltd.
20631,Toho Co. Ltd.
18764,Toho Co. Ltd.
20591,Toho Co. Ltd.
20696,Tokyo Broadcasting System Television Inc.
20229,Tokyo Broadcasting System Television Inc.
27645,Totem Films 
26090,Trafalgar Releasing
27048,Trafalgar Releasing 
20418,Trafalgar Releasing Limited
20519,Trafalgar Releasing Limited
15653,Trafalgar Releasing Limited
28112,Trafalgar Releasing Limited
20337,Trafalgar Releasing Limited
26687,Trafalgar Releasing Ltd.
25268,Trafalgar Releasing Ltd.
26450,Trafalgar Releasing Ltd.
24640,Trafalgar Releasing Ltd.
24111,Trafalgar Releasing Ltd.
26350,Trafalgar Releasing Ltd.
29574,Trafalgar Releasing Ltd.
25642,Trafalgar Releasing Ltd.
24639,Trafalgar Releasing Ltd.
23572,Trafalgar Releasing Ltd.
23206,Trafalgar Releasing Ltd.
28918,Trafalgar Releasing Ltd.
28880,Trafalgar Releasing Ltd.
27236,Trafalgar Releasing Ltd.
28309,Trafalgar Releasing Ltd.
28533,Trafalgar Releasing Ltd.
23589,Trafalgar Releasing Ltd.
21263,True Colours
20872,True Colours Glorious Films Srl
29328,TrustNordisk
18107,TrustNordisk
29622,TrustNordisk Aps
29621,TrustNordisk Aps
19764,Trustnordisk APS
26697,Tsuburaya Productions Co.  Ltd.
24335,"Tsuburaya Productions Co., Ltd."
24715,"Tsuburaya Productions Co., Ltd. "
26750,UC
28987,UNICORN S.r.l.
27820,UNITED INTERNATIONAL PICTURES
29401,UNIVERSAL INTERNATIONAL FILMS LLC
24917,UNIVERSAL INTERNATIONAL FILMS LLC
27914,UNIVERSAL INTERNATIONAL FILMS LLC
20580,UNIVERSAL INTERNATIONAL FILMS LLC
24493,UNIVERSAL INTERNATIONAL FILMS LLC
24782,UNIVERSAL INTERNATIONAL FILMS LLC
26338,UNIVERSAL INTERNATIONAL FILMS LLC
21896,UNIVERSAL INTERNATIONAL FILMS LLC
20635,UNIVERSAL INTERNATIONAL FILMS LLC
22355,UNIVERSAL INTERNATIONAL FILMS LLC
27163,UNIVERSAL INTERNATIONAL FILMS LLC
26678,UNIVERSAL INTERNATIONAL FILMS LLC
26968,UNIVERSAL INTERNATIONAL FILMS LLC
20212,UNIVERSAL INTERNATIONAL FILMS LLC
23393,UNIVERSAL INTERNATIONAL FILMS LLC
27114,UNIVERSAL INTERNATIONAL FILMS LLC
20210,UNIVERSAL INTERNATIONAL FILMS LLC
23536,UNIVERSAL INTERNATIONAL FILMS LLC
21161,UNIVERSAL INTERNATIONAL FILMS LLC
19468,UNIVERSAL INTERNATIONAL FILMS LLC
20810,UNIVERSAL INTERNATIONAL FILMS LLC
23613,UNIVERSAL INTERNATIONAL FILMS LLC
25892,UNIVERSAL INTERNATIONAL FILMS LLC
24337,UNIVERSAL INTERNATIONAL FILMS LLC
27946,UNIVERSAL INTERNATIONAL FILMS LLC
23400,UNIVERSAL INTERNATIONAL FILMS LLC
23588,UNIVERSAL INTERNATIONAL FILMS LLC
24597,UNIVERSAL INTERNATIONAL FILMS LLC
26775,UNIVERSAL INTERNATIONAL FILMS LLC
28528,UNIVERSAL INTERNATIONAL FILMS LLC
29082,UNIVERSAL INTERNATIONAL FILMS LLC
23924,UNIVERSAL INTERNATIONAL FILMS LLC
27153,UNIVERSAL INTERNATIONAL FILMS LLC
26241,UNIVERSAL INTERNATIONAL FILMS LLC
25709,UNIVERSAL INTERNATIONAL FILMS LLC
22476,UNIVERSAL INTERNATIONAL FILMS LLC
20459,UNIVERSAL INTERNATIONAL FILMS LLC
21942,UNIVERSAL INTERNATIONAL FILMS LLC
20660,UNIVERSAL INTERNATIONAL FILMS LLC
20458,UNIVERSAL INTERNATIONAL FILMS LLC
18925,UNIVERSAL INTERNATIONAL FILMS LLC
23144,UNIVERSAL INTERNATIONAL FILMS LLC
20241,UNIVERSAL INTERNATIONAL FILMS LLC
20137,UNIVERSAL INTERNATIONAL FILMS LLC
19308,UNIVERSAL INTERNATIONAL FILMS LLC
22652,UNIVERSAL INTERNATIONAL FILMS LLC
23153,UNIVERSAL INTERNATIONAL FILMS LLC
23959,UNIVERSAL INTERNATIONAL FILMS LLC
19964,UNIVERSAL INTERNATIONAL FILMS LLC
27834,UNIVERSAL INTERNATIONAL FILMS LLC
23084,UNIVERSAL INTERNATIONAL FILMS LLC
20410,UP TV 娛樂
27233,URBAN SALES
21929,URBAN SALES. s.a.s (“US”)
29389,UZUMASA  Inc.
20394,United International Pictures
28461,V PICTURES CO.  LTD
22877,VERSATILE
24638,VISION DISTRIBUTION S.p.A.
21998,VISION DISTRIBUTION S.p.A.
22880,VISIT FILMS  LLC
23947,"Vantage Media International,LLC(VMI) "
18356,Variety Distribution Srl
26752,Vela Entertainment Co.  Ltd.
21172,Vertical Entertainment
19383,Vertical Entertainment
29754,Village INC.
29689,Village INC.
29440,Village INC.
23114,Village INC.
26619,Vision Distribution S.p.a.
28179,Vision Distribution S.p.a.
24883,Vision Distribution S.p.a.
20735,Vision Film Inc
21116,Vision Films Inc
20605,Vision Films Inc.
11227,Visit Films  LLC 
25631,WARNER BROS. ENTERTAINMENT GmbH
23384,WARNER BROS. JAPAN LLC
21385,WARNER BROS. JAPAN LLC
18707,WARNER BROS. PICTURES INTERNATIONAL.
17496,WARNER BROS. PICTURES INTERNATIONAL.
19786,WARNER BROS. PICTURES INTERNATIONAL.
22924,WARNER BROS. PICTURES INTERNATIONAL.
20215,WARNER BROS. PICTURES INTERNATIONAL.
28928,WARNER BROS. PICTURES INTERNATIONAL.
16636,WARNER BROS. PICTURES INTERNATIONAL.
18735,WARNER BROS. PICTURES INTERNATIONAL.
23889,WARNER BROS. PICTURES INTERNATIONAL.
20587,WARNER BROS. PICTURES INTERNATIONAL.
19161,WARNER BROS. PICTURES INTERNATIONAL.
22245,WARNER BROS. PICTURES INTERNATIONAL.
22676,WARNER BROS. PICTURES INTERNATIONAL.
24064,WARNER BROS. PICTURES INTERNATIONAL.
19182,WARNER BROS. PICTURES INTERNATIONAL.
21306,WARNER BROS. PICTURES INTERNATIONAL.
17486,WARNER BROS. PICTURES INTERNATIONAL.
20863,WARNER BROS. PICTURES INTERNATIONAL.
27947,WARNER BROS. PICTURES INTERNATIONAL.
25027,WARNER BROS. PICTURES INTERNATIONAL.
27481,WARNER BROS. PICTURES INTERNATIONAL.
23705,WARNER BROS. PICTURES INTERNATIONAL.
24540,WARNER BROS. PICTURES INTERNATIONAL.
29087,WARNER BROS. PICTURES INTERNATIONAL.
16091,WARNER BROS. PICTURES INTERNATIONAL.
21582,WARNER BROS. PICTURES INTERNATIONAL.
26399,WARNER BROS. PICTURES INTERNATIONAL.
28390,WARNER BROS. PICTURES INTERNATIONAL.
9023,WARNER BROS. PICTURES INTERNATIONAL.
28109,WARNER BROS. PICTURES INTERNATIONAL.
25278,WARNER BROS. PICTURES INTERNATIONAL.
23772,WARNER BROS. PICTURES INTERNATIONAL.
9986,WARNER BROS. PICTURES INTERNATIONAL.
18759,WARNER BROS. PICTURES INTERNATIONAL.
14082,WARNER BROS. PICTURES INTERNATIONAL.
29094,WARNER BROS. PICTURES INTERNATIONAL.
26945,WARNER BROS. PICTURES INTERNATIONAL.
17104,WARNER BROS. PICTURES INTERNATIONAL.
26269,WARNER BROS. PICTURES INTERNATIONAL.
20104,WARNER BROS. PICTURES INTERNATIONAL.
24938,WARNER BROS. PICTURES INTERNATIONAL.
29526,WARNER BROS. PICTURES INTERNATIONAL.
25090,WARNER BROS. PICTURES INTERNATIONAL.
28233,WARNER BROS. PICTURES INTERNATIONAL.
27173,WARNER BROS. PICTURES INTERNATIONAL.
16078,WARNER BROS. PICTURES INTERNATIONAL.
28565,WARNER BROS. PICTURES INTERNATIONAL.
27625,WARNER BROS. PICTURES INTERNATIONAL.
26768,WARNER BROS. PICTURES INTERNATIONAL.
21837,WARNER BROS. PICTURES INTERNATIONAL.
20076,WESTEND FILMS LTD
25764,WHY NOT PRODUCTIONS
24348,WIDE
20386,WIDE
24350,WIDE HOUSE 
24871,WILD BUNCH
23193,WILD BUNCH
19858,WILD BUNCH
23699,WILD BUNCH
10331,WILD BUNCH
22111,WILD BUNCH INTERNATIONAL
24255,WILD BUNCH INTERNATIONAL
23420,WILD BUNCH INTERNATIONAL
23857,WILD BUNCH INTERNATIONAL
19894,WILD BUNCH INTERNATIONAL
21307,WILD BUNCH INTERNATIONAL
22650,WILD BUNCH INTERNATIONAL
22707,WILD BUNCH INTERNATIONAL 
19241,WILW HOLDINGS LLC
24384,WM Jansen
23963,WTFILMS
21810,WTFILMS
20553,WYS en Scene Co. Ltd.
28753,Warner Bros. Japan LLC 
20204,Werner Herzog Film GmbH
22741,Why Not Productions
21163,Wild Bunch International
21995,Wild Bunch International
23932,Wild Bunch International
23945,Wild Bunch International 
23265,Wild bunch International
23549,Wys En Scene
24927,XAMXELA Sas di Massimo Fabbro & C
26939,YELLOW-GREEN PI
23836,YOMIURI TELECASTING CORPORATION
22174,YOMIURI TELECASTING CORPORATION
20264,YOMIURI TELECASTING CORPORATION
26918,YOMIURI TELECASTING CORPORATION
24253,ZO.O.
20761,alief SAS
29187,aniplex Inc
28838,aniplex Inc.
28919,cliburn media LLC
26430,elle Driver
20410,hmvod
23474,kt alpha Co. Ltd
26786,kt alpha Co. Ltd.
25179,kt alpha Co. Ltd.
20473,kt alpha Co. Ltd.
25351,"kt alpha Co.,Ltd."
25071,m-appeal
25062,m-appeal
25059,m-appeal
24954,m-appeal
26552,m-appeal
19687,m-appeal
28158,m-appeal
17414,m-appeal
21746,m-appeal world sales UG (haftungsbeschr)
24835,m-apppeal
25129,mapppeal
27891,mk2 Films 
27485,mk2 Films 
27047,mm2 Entertainmen
26140,mm2 Entertainment PTE. LTD.
21719,ro*co films international  llc
27549,sixpackfilm
21123,sixpackfilm
29484,studiocanal S.A.S
29564,warner music japan inc
22183,wide
26403,“Central Partnership Sales House”LLC
29672,一劇之本有限公司
23391,一劇之本有限公司
29573,一品堂中醫診所
26664,一念間電影有限公司
19729,一杯熱奶茶影視有限公司
26384,一條龍虎豹國際娛樂有限公司
14496,一條龍虎豹國際娛樂有限公司
26034,一毛製作有限公司
25590,一種態度電影股份有限公司
26439,一種態度電影股份有限公司
24494,一陽映畫有限公司
22615,丁啟文
22084,七霞電影有限公司
22108,七霞電影有限公司
27644,三三電影製作有限公司
22613,三上影像創作有限公司
20817,三乘影像股份有限公司
19624,三和娛樂國際有限公司
27925,三幕電影製作有限公司 
27100,三樂電影製作有限公司
20477,三皇生物科技股份有限公司
26664,三皇生物科技股份有限公司
25222,三皇生物科技股份有限公司
28748,三皇生物科技股份有限公司
19183,三皇生物科技股份有限公司
23926,三視多媒體網路股份有限公司
23355,三鳳有限公司
20711,上作娛樂有限公司
24370,上善醫文化工作室
20396,上海三次元影業有限公司 
22926,上海亭東影業有限公司
21616,上海依英影視傳媒有限公司
20986,上海儒意影視制作有限公司
21616,上海千易源文化傳媒有限公司
26567,上海博納影文化傳媒有限公司
23688,上海博納文化傳媒有限公司
14496,上海啟李廣告有限公司
26568,上海壹同影視製作有限公司
23702,上海影爵文化傳媒有限公司
20986,上海復逸文化傳播有限公司
22791,上海愛美影視文化傳媒有限公司
20396,上海拾谷影業有限公司 
26567,上海梅龍鎮廣場環藝娛樂管理有限公司
20319,上海樂朝程影視傳媒有限公司
24981,上海淘票票影視文化有限公司
27383,上海淘票票影視文化有限公司
20747,上海淘票票影視文化有限公司
26568,上海淘票票影視文化有限公司
26742,上海淘票票影視文化有限公司
29767,上海淘票票影視文化有限公司
26707,上海淘票票影視文化有限公司
20822,上海淘票票影視文化有限公司
21423,上海淘票票影視文化有限公司
26761,上海淘票票影視文化有限公司
27822,上海淘票票影視文化有限公司
25150,上海淘票票影視文化有限公司
23190,上海淘票票影視文化有限公司
22791,上海淘票票影視文化有限公司
26560,上海淘票票影視文化有限公司
28780,上海淘票票影視文化有限公司
25150,上海源納影業有限公司
27178,上海環路影視文化有限公司
22791,上海甲地文化集團有限公司
23190,上海福畫影視文化有限公司
26510,上海笨小孩影視傳媒有限公司
22791,上海絢毅影視文化傳媒有限公司
26707,上海華人影業有限公司
26707,上海華人影業有限公司北京分公司
27178,上海華策電影有限公司
29635,上海華策電影有限公司
20396,上海複逸文化傳播有限公司 
20986,上海貓眼影業有限公司
26471,上海貓眼影業有限公司
26560,上海貓眼影業有限公司
28780,上海貓眼影業有限公司
26871,上海追光影業有限公司
29190,上海阿里巴巴影業有限公司
20319,上海阿里巴巴影業有限公司
23519,上海電影集團公司
22926,上海電影（集團）有限公司
26568,上海電影（集團）有限公司
23440,上海騰訊企鵝影視文化傳播有限公司
20154,上海魁颯影業有限公司
20646,世界投資顧問股份有限公司
23831,世詮多媒體有限公司
19402,中台興化學工業股份有限公司
23843,中國信託創業投資股份有限公司
20410,中國創意數碼娛樂有限公司
24054,中國電影股份有限公司
20986,中國電影股份有限公司
21423,中國電影股份有限公司
22926,中國電影股份有限公司
20396,中國電影股份有限公司
29190,中國電影股份有限公司
27178,中國電影股份有限公司
25415,"中國電影股份有限公司,上海電影(集團)有限公司,天津貓眼微影文化傳媒有限公司,上海淘票票影視文化有限公司,新麗傳媒集團有限公司,中國鐵道建築集團有限公司,浙江橫店影業有限公司,英皇電影發行(北京)有限公司,中影數字院線(北京)有限公司,抖音文化(廈門)有限公司,咪咕文化科技有限公司,之江電影集團有限公司,阿那亞影視文化有限公司,陝西廣電影視文化產業發展有限公司"
29767,中天星辰(天津)影業有限公司
20396,中央紀委中國方正出版社
21978,中央電影事業股份有限公司
26560,中引文化傳媒(武漢)有限公司
24054,中影創意（北京）電影有限公司
29573,中影國際股份有限公司
16476,中影寰亞音像製品有限公司
21786,中影寰亞音像製品有限公司
16356,中影股份有限公司
28241,中影股份有限公司
28242,中影股份有限公司
22215,中影股份有限公司
25116,中影股份有限公司
19729,中環國際娛樂事業股份有限公司
29573,中環國際娛樂事業股份有限公司
19319,中環國際娛樂事業股份有限公司
502,中環國際娛樂事業股份有限公司
28395,中環國際娛樂事業股份有限公司
26546,中環國際娛樂事業股份有限公司
25335,中環國際娛樂事業股份有限公司
19402,中環國際娛樂事業股份有限公司
20477,中環國際娛樂事業股份有限公司
21785,中環國際娛樂事業股份有限公司
24752,中環國際娛樂事業股份有限公司
24663,中環國際娛樂事業股份有限公司
22671,中環國際娛樂事業股份有限公司 
23535,中環國際娛樂事業股份有限公司 
23671,中環國際娛樂事業股份有限公司 
26546,中華電信股份有限公司
23409,中華電信股份有限公司個人家庭分公司
27178,中視金橋文化發展（北京）有限公司
22791,中銘盛世(深圳)影業集團有限公司
23688,中銘盛世（深圳）影業集團有限公司
22268,主磐叙社有限公司
19630,主雅映象有限公司
23139,久和投資控股有限公司
20747,之升(上海)影業有限公司
26612,之江電影集團有限公司
26560,之江電影集團有限公司
27178,之江電影集團有限公司
27925,九日映像開發有限公司
23465,"九洲音像出版公司,超娛影業（佛山）有限公司,超娛影業（深圳）有限公司,廣東珠影影視製作有限公司,北京環鷹時代文化傳媒有限公司"
26664,乾伽國際媒體有限公司
25590,于仲淵
20396,亞博思文化傳媒（北京）有限公司 	
24054,亞太國影（深圳）影業有限公司
24054,亞太國影（蘇州）影業有限公司
24054,亞太國影（重慶）文化傳媒有限公司
24054,亞太華影（北京）影業有限公司
21616,伊犁卓然影業有限公司
22671,伯樂影業股份有限公司
26546,伯樂影業股份有限公司
23409,伯樂影業股份有限公司 
23535,伯樂影業股份有限公司 
23671,伯樂影業股份有限公司 
24054,佛山泓東影視文化傳媒有限公司
21080,佳映娛樂國際股份有限公司
25745,佳映娛樂國際股份有限公司
22435,偉新教育基金有限公司
23831,健身聯盟
22710,傑恩西影像工作室
18424,傳影互動股份有限公司
21031,優橝文化傳媒有限公司
23440,優酷電影有限公司
26707,優酷電影有限公司
27873,元桌影藝有限公司
18424,光元體影藝有限公司
29379,光速火箭股份有限公司
23714,兔子創意股份有限公司
16901,兔將創意影業股份有限公司
23934,內容物數位電影製作有限公司
19608,內容物數位電影製作有限公司
21839,內容物數位電影製作有限公司
26560,內蒙古電影集團有限責任公司
28611,全國眷村文化保存聯盟
28311,全國眷村文化保存聯盟
27179,兩個人有限公司
29611,六六喜喜股份有限公司
24014,六六喜喜股份有限公司
23506,六六喜喜股份有限公司
25590,六六喜喜股份有限公司
21119,六六喜喜股份有限公司
25213,"内蒙古電影集團有限責任公司,北京博納影業集團有限公司,華夏電影發行有限責任公司,阿里巴巴影業（北京）有限公司,内蒙古電影製片厂有限責任公司,上海博納文化傳媒有限公司,北京博納國際影院投資管理有限公司"
25590,再現影像製作股份有限公司
20986,冠宇影業(北京)有限公司
26584,凌晨影視製作有限公司
21785,凡宇興業有限公司
21616,凡魚傳媒(北京)有限公司
17116,凱擘影藝股份有限公司
24014,凱擘影藝股份有限公司
21839,前景娛樂有限公司
25414,前景娛樂有限公司
27873,前景娛樂有限公司
25149,劇糖文創娛樂股份有限公司
25335,劇龍製作有限公司
22613,劉琬琳
24239,力揚電影有限公司
21423,北京一品傳揚文化傳播有限公司
26707,北京上獅文化傳播有限公司
20822,北京上獅文化傳播有限公司
26510,北京上獅文化傳播有限公司
27822,北京上獅文化集團有限公司
20396,北京世紀蜘蛛文化傳播有限公司
26742,北京中導協文化發展有限公司
20986,北京京西文化旅遊股份有限公司
24981,北京人間指南影業有限公司
23702,北京人間指南影業有限公司
26612,北京人間指南影業有限公司
26707,北京元氣娛樂文化有限公司
20986,北京光彩紀行文化發展有限公司
26560,北京光線影業有限公司
20986,北京入海時網路科技有限公司
20319,北京力禾欣文化傳媒有限公司
27945,北京加辣製作影視文化有限公司
20986,北京匠紫文化傳媒有限公司
21616,北京千易時代文化傳媒有限公司
26567,北京博納集團影業有限公司
24054,北京博視眾和文化傳播有限公司
20396,北京嘉映文化傳媒有限公司  
20396,北京嘉映春天影業有限公司 
27178,北京國影縱横電影發行有限公司
22926,北京國影縱橫電影發行有限公司
20986,北京國盾影視傳媒有限公司
26560,北京團圓影業有限公司
26510,北京壞猴子文化產業發展有限公司
26568,北京壹同傳奇影視文化有限公司
20986,北京大碗娛樂文化傳媒有限公司
23702,北京大美寰宇影業有限公司
16476,北京大美寰宇影業有限公司
26077,北京宇你影業有限公司
20396,北京完美影視傳媒有限責任公司
29767,北京布勞森沐文化傳播有限公司
20319,北京影窩文化傳媒有限公司
23688,北京影聯影業有限公司
29190,北京復星影業有限公司
27383,北京微夢創科網絡技術有限公司
27822,北京微夢創科網絡技術有限公司
20747,北京微夢創科網絡技術有限公司
22926,北京微夢創科網絡技術有限公司
28780,北京微夢創科網絡技術有限公司
23702,北京微夢創科網絡技術有限公司
26471,北京微夢創科網絡技術有限公司
27178,北京微夢創科網絡技術有限公司 
26707,北京微夢創科網路技術有限公司
26568,北京微夢創科網路技術有限公司
21423,北京微夢創科網路技術有限公司
26555,北京恐龍影業股份有限公司
23440,北京愛奇藝科技有限公司
27945,北京愛奇藝科技有限公司
23688,北京拉近影業有限公司
16476,北京拉近影業有限公司
25150,北京新益影視文化傳播有限公司
20319,北京星魅力影視文化傳媒集團有限公司
25150,北京暢想新影影業有限公司
21423,北京曉浩影視文化傳媒有限公司
16476,北京林夕影業有限公司
23702,北京林夕影業有限公司
20154,北京果實創想影視文化有限公司
23702,北京樂桃傳媒有限公司
20396,北京歌亞時代投資管理有限公司  
27945,北京水龍吟影視文化有限公司
23190,北京烤拉文化傳媒有限公司
22791,北京無限自在文化傳媒股份有限公司
25150,北京無限自在文化傳媒股份有限公司
26742,北京盛煜天桐文化集團有限公司
21423,北京盛煜天桐文化集團有限公司
21786,北京真之影文化傳媒有限公司
26471,北京秋豪影視有限公司
20986,北京精彩時間文化傳媒有限公司
27178,北京耀影電影發行有限公司
22926,北京耀影電影發行有限公司
22791,北京耀萊影視文化傳媒有限公司
20747,北京自由酷鯨影業有限公司
26555,北京超樂無限文化傳播有限公司
27945,北京金天地影視文化股份有限公司
27178,北京長城沃美電影院線有限公司
26510,北京阿里巴巴影業文化有限公司
29190,北京阿里巴巴影業文化有限公司
24277,"北京阿里巴巴影業文化有限公司,北京海潤影業股份有限公司,浙江橫店影業有限公司,中國電影股份有限公司,上海復逸文化傳播有限公司,海潤影視製作有限公司,北京榮宸慧技術諮詢有限公司,杭州予墨商務信息諮詢有限責任公司,海南八月映像影視有限公司,靈河文化傳媒（上海）有限公司"
26077,北京零刻度線影業有限公司
21047,北京風和向日葵影業有限公司
26567,北京高興文化傳媒有限公司
25182,匠子映畫
18190,十三月股份有限公司
23926,十二果子有限公司
26546,十宜影樂有限公司
25150,南京博遠影視傳媒有限公司
25312,南川上電影有限公司
26567,博納影業集團股份有限公司
23688,博納影業集團股份有限公司
26567,博納影視娛樂有限公司
20670,原典國際影視製作有限公司
24718,原子映象有限公司
21119,原子映象有限公司
24214,原金國際有限公司
23934,台中拍
28395,台亞半導體股份有限公司
29057,台北市電影委員會
24239,台北市電影委員會
18306,台北市電影委員會
19319,台北市電影委員會
27873,台北市電影委員會
27462,台北影業股份有限公司
25728,台北影業股份有限公司
28090,台北影業股份有限公司(聯合出品公司)
19402,台北真好電影股份有限公司
20354,台北真好電影股份有限公司 
25222,台灣夢幻文創股份有限公司
24663,台灣大哥大 MyVideo
27879,台灣大哥大 MyVideo
23714,台灣大哥大MyVideo
19402,台灣大哥大myVideo
28395,台灣大哥大股份有限公司
20725,台灣大哥大股份有限公司
23926,台灣大哥大股份有限公司
25728,台灣大哥大股份有限公司
20354,台灣大哥大股份有限公司 
24014,台灣大哥大股份有限公司 (台灣大哥大 MyVideo)
23506,台灣大哥大股份有限公司(My Video)
16901,台灣太陽娛樂有限公司
23926,台灣文創天使投資股份有限公司
24066,台灣映藝娛樂股份有限公司
27567,台灣白令電影有限公司
27462,台灣白令電影有限公司
28200,台灣索尼音樂娛樂股份有限公司
12236,台聯影業有限公司
21423,司貝影業（北京）有限公司
25586,合影視有限合夥
25063,合影視有限合夥
23714,合影視有限合夥
26560,合肥市電影發行放映有限公司
26594,吉光日和電影有限公司
23190,吉林省第柒影視工作室有限公司
21822,后花園數位影像製作有限公司
27925,后花園數位影像製作有限公司
29379,后花園數位影像製作有限公司 
23506,呈洋國際有限公司
20319,和和（上海）影業有限公司
27462,和寬攝影器材有限公司
27567,和寬攝影器材有限公司
22791,和眾文化發展(北京)有限公司
25103,和道創作研究社
20175,品蓮觀真電影股份有限公司
29767,啊哈影業(上海) 有限公司
20396,喀什嘉映文化傳媒有限公司 
20986,喀什嘉視文化傳媒有限公司
26077,善為影業有限公司
20354,喜滿客京華影城股份有限公司 
26871,嗶哩嗶哩影業（天津）有限公司
25728,嘉揚電影有限公司
28395,嘉揚電影有限公司
20396,嘉映影業有限公司  
20986,嘲風影業(北京)有限責任公司
26077,四川大路影業有限公司
21423,四川納森影視文化傳媒有限公司
26077,四川誠城影視文化傳播有限公司
26077,四川魔影影業有限公司
23409,四方四隅文娛國際股份有限公司
21171,國家表演藝術中心衛武營國家藝術文化中心
22759,國家電影及視聽文化中心
22082,國立台灣師範大學
19269,國賓影城股份有限公司
22858,地地影像工房有限公司
20646,地球防衛隊娛樂有限公司
23965,埋位製作有限公司
20921,城市國際電影有限公司
20410,培生培心公司
25182,堂堂映畫
16476,墨客行影業（北京）有限公司
27567,墨緹影業 Motif Pictures PTE. LTD.
24221,"壞猴子（上海）文化傳播有限公司,北京京西文化旅游股份有限公司,北京歡喜首映文化有限公司,北京阿里巴巴影業文化有限公司,騰訊影業文化傳播有限公司"
26568,壹同科影（上海）文化有限公司
26788,壹捌玖伍電影有限公司
24718,壹陸喜喜股份有限公司
20646,夢想創造股份有限公司
25306,夢想創造股份有限公司
25150,夢想沙龍娛樂文化投資有限公司
21517,夢想沙龍娛樂文化有限公司
29573,夢田影像股份有限公司
26510,夢造者娛樂有限公司
26140,大元娛樂有限公司 IS Entertainment Co.  Ltd.
23688,大地時代文化傳播（北京）有限公司
23688,大地時代文化傳播（天津）有限公司
23688,大地電影發行（香港）有限公司
23926,大好天光文化創意股份有限公司
25306,大宇資訊股份有限公司
27925,大岩文創國際有限公司 
19400,大悲學苑  台灣大悲佛學會
23843,大慕可可股份有限公司
26439,大慕可可股份有限公司
25306,大慕可可股份有限公司
24014,大慕可可股份有限公司 
23843,大慕影藝國際事業股份有限公司
19729,大瀚國際開發股份有限公司
27415,大照國際影像有限公司
24752,大腕影業國際有限公司
28830,大腕影業國際有限公司
24066,大腕影業國際有限公司
25994,大誠保險經紀人股份有限公司
23190,大象娛樂傳媒(溫州)有限公司
21047,大足國際文化傳媒有限公司
28748,大雲文創股份有限公司
23419,大麥影像傳播工作室
26234,天下一電影發行有限公司
20396,天下一電影製作有限公司
26761,天下一電影製作有限公司
19859,天下一電影製作有限公司
27383,天下一電影製作有限公司
22420,天下一電影製作有限公司
19159,天下一電影製作有限公司
26034,天下一電影製作有限公司
21747,天下一電影製作有限公司
24595,"天下一電影製作有限公司,852 電影有限公司,Icon Group Limited  ,香港電影發展基金,Katch多優惠平台"
25063,天使放大股份有限公司
19319,天使放大股份有限公司
28830,天地根映像國際有限公司
20396,天津天影電影製片有限公司 
20986,天津摩天輪文化傳媒有限公司
20396,天津磨鐵娛樂有限公司 
27178,天津貓眼微影文化傳媒有限公司
29767,天津貓眼微影文化傳媒有限公司
28780,天津貓眼微影文化傳媒有限公司
20396,天津貓眼微影文化傳媒有限公司
26560,天津貓眼微影文化傳媒有限公司
26471,天津貓眼微影文化傳媒有限公司
23688,天津貓眼微影文化傳媒有限公司
24054,天津貓眼微影文化傳媒有限公司
23190,天津貓眼微影文化傳媒有限公司
20747,天津貓眼微影文化傳媒有限公司
19159,天津貓眼微影文化傳媒有限公司
22791,天津貓眼微影文化傳媒有限公司
26555,天津貓眼微影文化傳媒有限公司
20986,天津貓眼微影文化傳媒有限公司
22926,天津貓眼微影文化傳媒有限公司
21423,天津閱文影視文化傳媒有限公司
23190,天津閱文影視文化傳媒有限公司
27822,天津閱文影視文化傳媒有限公司
23349,天津電影製片廠
19729,天立揚製片有限公司
27100,天翼映創股份有限公司
20477,天際娛樂股份有限公司
20725,天馬傳播事業有限公司
26612,天馬電影出品（香港）有限公司
19662,太極影音科技股份有限公司
28070,太睿投資有限公司
22876,太陽娛樂文化有限公司
20646,奇亨創意影像有限公司
26439,奇幻娛樂國際股份有限公司
24014,奇幻娛樂國際股份有限公司
20354,奇幻娛樂國際股份有限公司 
22660,奇葩娛樂事業有限公司
24053,好享國際文創股份有限公司
23934,好勁影業有限公司
25116,好好看文創有限公司
20396,好孩子制作有限公司
25737,好野娛樂有限公司
27633,如意影視制作公司(Rooyee Films Production Inc.)
21690,姚國禎
20354,威威巖娛樂製作有限公司 
27506,威裕環球集團
502,威視股份有限公司
27961,子鉅國際有限公司
16139,學者股份有限公司
28890,宇宙子媒體藝術有限公司
19986,宇鯉影業有限公司
20986,安徽舒茶九一六影視傳媒有限公司
23635,安樂影片有限公司
29190,安樂影片有限公司
22420,安樂影片有限公司
26761,安樂影片有限公司
19859,安樂影片有限公司
12489,安樂電影公司(聯合出品) 
26761,安樂（北京）電影發行有限公司
29190,安樂（北京）電影發行有限公司
25116,安沛文創股份有限公司
25116,安聯量行集團
27178,完美世界院線有限公司
25984,宏寰文化傳播
26397,宏寰文化傳播有限公司
26614,宏寰文化傳播有限公司
27879,宏將影業有限公司
23535,宏將影業有限公司 
23409,宏將影業有限公司 
20354,宏將影業有限公司 
22671,宏將影業有限公司 
24014,宏將影業有限公司 
26220,客家委員會
26226,富士電視台
20051,寒山拾得有限公司 高雄人
25422,寓言工作室
21423,寧和萬向文化傳媒（北京）有限公司
22791,寧嘉(深圳)影業傳媒有限公司
21423,寧波浩瑞廣告傳媒有限公司
28200,寬想國際娛樂有限公司
24066,寬銀慕電影製作有限公司
27723,寬魚國際股份有限公司
29611,寬魚國際股分有限公司
23367,寰亞電影
23349,寰亞電影
23317,寰亞電影
16476,寰亞電影發行(北京）有限公司
23702,寰亞電影發行（北京）有限公司
21747,寰亞電影製作有限公司
21786,寰亞電影製作有限公司
27383,寰亞電影製作有限公司
19357,寰亞電影製作有限公司
26762,寰亞電影製作有限公司
22434,寰亞電影製作有限公司
16476,寰亞電影製作有限公司
24916,"寰亞電影製作有限公司,香港電影發展基金會,悅目映畫有限公司"
26510,寰宇娛樂有限公司
24981,寰宇娛樂有限公司
28780,寰宇娛樂有限公司
24981,寰宇影片發行有限公司
28780,寰宇影片發行有限公司
28780,寰宇縱橫世紀電影發行（北京）有限公司
24981,寰宇縱橫世紀電影發行（北京）有限公司
25737,小綠人影像製作有限公司 
26584,小花電影有限公司
23630,小黃花慈善基金Little Yellow Flower Foundation
23605,小黃花慈善基金Little Yellow Flower Foundation
23640,小黃花慈善基金Little Yellow Flower Foundation
23604,小黃花慈善基金Little Yellow Flower Foundation
26471,尚乘數字媒體有限公
24981,尚乘數字媒體有限公司
29429,尚乘數字媒體有限公司
19269,居爾一拳有限公司
24818,居爾一拳有限公司
27945,山西電影製片廠（有限公司）
23394,岸上影像有限公司
19608,岸上影像有限公司
20396,峨眉電影集團有限公司
20319,峨眉電影集團有限公司
20643,峰起云湧影業股份有限公司
19402,崴森管理顧問股份有限公司
25116,崴森管理顧問股份有限公司
20646,川琇數位娛樂有限公司
26511,巨星影業有限公司
8011,布萊克芬電影有限公司
23702,帆娛文化（上海）有限公司
23961,希望影視行銷股份有限公司
27017,希望影視行銷股份有限公司
22791,平潭喜東東影視有限公司
14895,年代網際事業股份有限公司
15719,年代網際事業股份有限公司
22788,幸福の科学
20766,幸福の科学
25586,幸福路映畫社有限公司
6091,庫里影視
22926,廈門人馬文化傳媒有限公司
20747,廈門大洲影視文化發展有限公司
26428,廈門恒業影業有限公司
21047,廈門恒業影業有限公司
26560,廈門恒業影業有限公司
26560,廈門恒業牧馬人影視文化傳播有限公司
23702,廈門昇格鑫映影視文化傳媒有限公司
20747,廈門硯石科技有限公司
23440,廈門自在互娛文化傳媒有限公司
26077,廈門金逸傳媒有限公司
27203,廖克發
28780,廣州市英明文化傳播有限公司
24981,廣州市英明文化傳播有限公司
26077,廣州東來文化有限公司
23702,廣東一晟影業投資有限公司
25150,廣東國奧影業有限公司
24054,廣東新億投資有限公司
23702,廣東昇格傳媒服份有限公司
25150,廣東昇格傳媒股份有限公司
24054,廣東潮樂文化傳媒有限公司
26077,廣東虎虎生威影業有限公司
24752,延平影業有限公司
26707,引力影視投資有限公司
28097,張作驥電影工作室有限公司
25522,彭紫惠
28114,影一製作所股份有限公司
24818,影一製作所股份有限公司
26439,影一製作所股份有限公司
19064,影一製作所股份有限公司
29611,影市堂股份有限公司
20521,影格電影有限公司
21423,影聚天際影視傳媒（天津）有限公司
28088,影響原創影視股份有限公司
25586,影響原創影視股份有限公司
25422,影響原創影視股份有限公司
23831,影響視覺科技有限公司
26140,彼演員多媒體有限公司 Be Actor Co.  Ltd.
20138,待補
27521,待補
21921,後場音像紀錄工作室有限公司
24059,後場音像紀錄工作室有限公司
21748,後場音像紀錄工作室有限公司
24044,後場音像紀錄工作室有限公司
24013,後場音像紀錄工作室有限公司
24011,後場音像紀錄工作室有限公司
24012,後場音像紀錄工作室有限公司
24036,後場音像紀錄工作室有限公司
21239,後場音像紀錄工作室有限公司
17799,後場音像紀錄工作室有限公司
22327,後場音像紀錄工作室有限公司
20922,後場音像紀錄工作室有限公司
22673,後場音像紀錄工作室有限公司
21123,徐璐
24014,得利影視股份有限公司
25422,得利影視股份有限公司
23671,得利影視股份有限公司 
20354,得利影視股份有限公司 
22671,得利影視股份有限公司 
25306,得藝文創國際股份有限公司
20477,得藝文創國際股份有限公司
21785,得藝文創國際股份有限公司
22435,心裏美電影有限公司
22908,必應創造股份有限公司
25312,念白電影有限公司
25150,怡俊有限公司
26253,恆星多媒體股份有限公司
26555,恐龍影業（武漢）有限公司
26635,恒世資本股份有限公司
22434,悅目映畫有限公司
21080,想映電影有限公司
21373,想飛的魚電影製作有限公司
23671,意妍堂製作股份有限公司 
26428,愛奇藝影業(上海)有限公司
26560,愛奇藝影業(上海)有限公司
21047,愛奇藝影業(北京)有限公司
26428,愛奇藝影業(蘇州)有限公司
26612,愛奇藝影業（北京）有限公司
25150,愛奇藝影業（北京）有限公司
21047,愛奇藝電影集團香港有限公司
16901,愛奇藝電影集團香港有限公司
25334,愛的光波影像社會企業有限公司
19729,愷聯資本有限公司
22631,憂鬱之島製作有限公司
25818,我們之間影像製作有限公司
20396,我們製作有限公司
20805,我希望影像製作有限公司
22671,打字人創意有限公司 
25422,承達投資有限公司
27121,抓馬文化股份有限公司
23190,抖音文化(廈門)有限公司
22926,抖音文化（廈門）有限公司
26871,抖音文化（廈門）有限公司
27178,抖音文化（廈門）有限公司
26568,抖音文化（廈門）有限公司
21423,抖音文化（廈門）有限公司
20747,抖音文化（廈門）有限公司
20396,拍拍文化傳媒（無錫）有限公司
23190,拾圈文化傳媒南京有限公司
14496,捌捌玖電影股份有限公司
26612,掌賞電影企業有限公司
23831,摩爾娛樂有限公司
19608,數位奇蹟科技股份有限公司
22011,數位領域電影文化股份有限公司
21174,數位領域電影文化股份有限公司
27925,文化內容策進院
24239,文化內容策進院
29611,文化內容策進院
28395,文化內容策進院
23506,文化內容策進院
23934,文化內容策進院
25081,文化內容策進院
29057,文化內容策進院
26635,文化內容策進院
28748,文化內容策進院
25222,文化內容策進院
27989,文化內容策進院
23701,文化內容策進院
26872,文化內容策進院
29379,文化內容策進院
27873,文化內容策進院
26664,文化內容策進院
25424,文化內容策進院
24053,文化內容策進院
25182,文化內容策進院
21165,文化內容策進院
26546,文化內容策進院
28363,文化內容策進院
27100,文化內容策進院
28090,文化內容策進院(聯合出品公司)
27723,文化內容策進院TAICCA 
20270,文化部
20396,文投控股股份有限公司
25149,文達文創股份有限公司
23831,新世紀南向開發有限公司
23213,新世紀影視(加拿大/多倫多)
19400,新加坡甘露關懷協會 
26471,新暉映影視文化(深圳)有限公司
22926,新疆博納潤澤文化傳媒有限公司
25150,新聯華娛樂集團有限公司
27462,新輝股份有限公司
23139,新轉機國際股份有限公司
23377,新騎資訊有限公司
21423,新麗傳媒集團有限公司
20986,新麗傳媒集團有限公司
23190,新麗傳媒集團有限公司
27822,新麗傳媒集團有限公司
27822,新麗國際傳媒有限公司
27178,方特影業投資有限公司
22448,旋轉牧馬工作室
23139,日商富地滋股份有限公司台灣分公司
23438,日本東寶株式會社
26227,日本華納兄弟合同會社
26226,日本華納兄弟合同會社
20707,日活株式會社公司
16476,星光聯盟影業無錫有限公司
21786,星光聯盟影業無錫有限公司
22659,星勢力娛樂股份有限公司
26140,星娛音樂有限公司 XYmusic Ltd.
27723,星映電影有限公司
19319,星泰國際娛樂股份有限公司
21785,星泰國際娛樂股份有限公司
27879,星泰國際娛樂股份有限公司
25306,星泰國際娛樂股份有限公司
20477,星泰國際娛樂股份有限公司
24752,星泰國際娛樂股份有限公司
26664,星泰國際娛樂股份有限公司
25335,星源未來股份有限公司
20477,星空飛騰國際娛樂有限公司
23367,星霖電影私人有限公司
28780,映藝娛樂有限公司
28070,映虹影視有限公司
20312,映象工廠有限公司
23926,映費迪國際有限公司
21732,春光映畫
18620,春光映畫 (BLOCK 2 PICTURES INC.)
16139,春光映畫(Block 2 Pictures Inc.)
7331,春光電影發行有限公司
20354,時創影業股份有限公司
25222,晉揚投資有限公司
25182,晟創娛樂
23440,普普文化（香港）控股有限公司
23440,晶藝電影有限公司
28114,曼尼娛樂投資股份有限公司
4035,曾威量
20051,月晴映像有限公司
23671,有余企劃製作有限公司 
18190,有得電影有限公司 高雄人
24663,有戲娛樂股份有限公司
24014,有戲娛樂股份有限公司
25586,有戲娛樂股份有限公司
26751,有戲娛樂股份有限公司
26635,有戲娛樂股份有限公司
27462,有戲娛樂股份有限公司
24818,有戲娛樂股份有限公司
26439,有戲娛樂股份有限公司
25116,有戲娛樂股份有限公司
23843,有戲娛樂股份有限公司
23409,有戲娛樂股份有限公司 
22671,有戲娛樂股份有限公司 
21822,有樂股份有限公司
27925,有樂股份有限公司
29057,木林電影有限公司
21155,木林電影有限公司
18531,木林電影有限公司
26034,本地製作有限公司
22231,本地製作有限公司
28748,本地風光電影股份有限公司
19183,本地風光電影股份有限公司
3401,李念修
27340,李鼎國際文化有限公司
25150,杭州銀酷文化傳媒有限公司
19357,杰威爾音樂有限公司
20725,杰瑞音樂有限公司
23139,杰瑞音樂有限公司
20319,東台壹尺文化傳媒有限公司
22082,東吳大學
13730,東寶株式會社
20343,東方影業出品有限公司
26764,東方影業出品有限公司
22231,東方影業出品有限公司
29635,東方影業出品有限公司
26555,東方晨翔文化投資（武漢）有限公司
23367,東方神龍影業有限公司
25063,東映ビデオ株式会社
27228,東映株式會社
28231,東映株式會社
27159,東映株式會社
29643,東映株式會社 	 
25424,東森電視事業股份有限公司
25335,東森電視事業股份有限公司
23535,東森電視事業股份有限公司 
22671,東森電視事業股份有限公司 
23409,東森電視事業股份有限公司 
28088,東橫一有限公司
22082,東海大學
20396,東海電影集團有限公司
21373,東睿貨物通運企業股份有限公司
27234,東遊記創意有限公司
24663,東陽長庚影視文化有限公司
20747,松澤國際影業股份有限公司
21710,松竹 株式會社  Shochiku Co. Ltd.
20301,松竹 株式會社 Shochiku Co. Ltd
24477,"松竹株式会社SHOCHIKU CO., LTD."
24481,"松竹株式会社SHOCHIKU CO., LTD."
24482,"松竹株式会社SHOCHIKU CO., LTD."
24478,"松竹株式会社SHOCHIKU CO., LTD."
24479,"松竹株式会社SHOCHIKU CO., LTD."
24480,"松竹株式会社SHOCHIKU CO., LTD."
29755,松竹株式會社
16901,松露文化創意有限公司
25424,松露文化創意有限公司
22615,林世菁
26584,林宣瀚
22613,林宣瀚
25679,林柏瑜
20853,林柏瑜
29573,果子電影有限公司
22926,果麥文化傳媒股份有限公司
20552,株式会社サンライズ
24529,株式会社トムス・エンタテインメント
21383,株式会社トムス・エンタテインメント
27668,株式会社トムス・エンタテインメント 	 
27283,株式会社トムス・エンタテインメント 	 
18704,株式会社プリュネ
18531,株式会社ムーリンプロダクション
23363,株式會社波麗佳音(PONY CANYON INC.)
18620,株瑞祐映畫社製作
20319,桃河影業(北京)有限公司
28395,梁維倫
27925,森上娛樂國際有限公司 
21825,楊偉新
25679,楊升豪
25306,樂到家國際娛樂股份有限公司
19269,樂到家國際娛樂股份有限公司
26635,樂到家國際娛樂股份有限公司
21785,樂到家國際娛樂股份有限公司
27879,樂到家國際娛樂股份有限公司
20477,樂到家國際娛樂股份有限公司
23843,樂到家國際股份有限公司
24818,樺麗探險有限公司
29672,欣利投資有限公司
20396,歡喜傳媒集團有限公司
22791,歡歡喜喜(天津)文化投資有限公司
28509,武替道電影製作有限公司
26077,武漢傳奇人影視藝術有限公司
25679,每丁每噹故事工作室
26546,氧氣電影有限公司
21785,氧氣電影有限公司
25306,氧氣電影有限公司
28748,氧氣電影有限公司
25222,氧氣電影有限公司
19183,氧氣電影有限公司
19357,水花電影股份有限公司
20054,永寧工作室
25737,永瑞事業有限公司
25150,江蘇六喜文化傳媒有限公司
26560,江蘇幸福藍海影業有限責任公司
27383,江蘇省電影集團有限公司
22475,池上多力米股份有限公司
13900,汯呄霖電影有限公司
15447,汯呄霖電影有限公司
26471,沃栢嘉文化傳播(上海)有限公司
19630,沅珅科技有限公司
25150,河南典潤文化傳媒有限公司
23353,法人倍樂生株式會社
20375,法務部調查局
6581,法國在台協會
19224,法國在台協會
4575,法國在台協會
24485,法國在台協會
24483,法國在台協會
28674,法國在台協會
24484,法國在台協會
25343,法國在台協會
28673,法國在台協會
28671,法國在台協會
28669,法國在台協會
25342,法國在台協會
24032,法國在台協會
24486,法國在台協會
14496,波谷影片有限公司
26555,泰洋川禾文化傳媒（天津）有限公司
25994,泰豐禮品美術有限公司
21423,津然影業（上海）有限公司
26076,活水文化事業有限公司
23873,流水落花製作有限公司
21616,浙江天意影視有限公司
20396,浙江影視（集團）有限公司 
26871,浙江東陽小宇宙影視傳媒有限公司
24054,浙江東陽瀚雅映影視文化傳媒有限公司
27178,浙江横店影業有限公司
23702,浙江橫店影業有限公司
27383,浙江橫店影業有限公司
21423,浙江橫店影業有限公司
20986,浙江橫店影業有限公司
22926,浙江橫店影業有限公司
26871,浙江橫店影業有限公司
20396,浙江橫店影業有限公司 
21423,浙江畫眉影業有限公司
20396,浙江省文化產業投資集團有限公司
27383,浙江聯瑞木馬文化傳媒有限公司
26555,浙江聯瑞木馬文化傳媒有限公司
23702,浙江聯瑞木馬文化傳媒有限公司
23190,浙江開心麻花影業有限公司
18755,海之眼影像工作室
23702,海南國梵影視文化傳播有限公司
23190,海南樂鏡影視文化傳媒有限公司
27178,海南禾光影業有限公司
27178,海南虞安投資有限公司
23190,海口西虹胡同影視文化有限公司
22926,海口那可是家大影視文化有限公司
25116,海棠果影業有限公司
18190,海樂影業股份有限公司
18550,海王天璽文化傳媒股份有限公司
25182,海鵬影業有限公司
14720,海鵬影業有限公司
23377,海鵬影業有限公司
20986,深圳二狐文化產業發展有限公司
21423,深圳垚眾傳媒有限公司
24054,深圳市三羊文化集團有限公司
23702,深圳市中影南方電影新幹線有限公司
22791,深圳市亞斯傳媒有限公司
24054,深圳市新藝城影業有限公司
23702,深圳市浩志文化傳媒有限公司
29767,深圳市浩志文化傳媒有限公司
26560,深圳市諦瓏影業有限公司
23702,深圳廣電影視股份有限公司
23702,深圳瀾瓊影視文化傳媒有限公司
26077,深圳瀾瓊影視文化傳媒有限公司
25222,添翼創越工作室
22531,湠臺灣電影股份有限公司
10916,湯臣(香港)電影有限公司
27234,湯臣電影事業股份有限公司
24663,溫柔鄉電影有限公司
19729,滾動力股份有限公司
26743,滿滿額創作香港有限公司
19986,滿滿額創作香港有限公司
20711,滿滿額娛樂股份有限公司
25116,滿滿額娛樂股份有限公司
19402,滿滿額娛樂股份有限公司
27462,滿滿額娛樂股份有限公司
23831,滿滿額娛樂股份有限公司
24239,滿滿額娛樂股份有限公司
25728,滿滿額娛樂股份有限公司
17116,滿滿額娛樂股份有限公司
23535,滿滿額娛樂股份有限公司 
22671,滿滿額娛樂股份有限公司 
23409,滿滿額娛樂股份有限公司 
28090,滿滿額娛樂股份有限公司(聯合出品公司)
20396,漢鼎宇佑傳媒科技有限公司 
28748,潤泰興股份有限公司
23535,瀚草影視文化事業股份有限公司
27567,無事股份有限公司
28405,無米樂影像工作室
29767,無錫三乘三影業有限公司
26761,無錫加雄影業有限公司
26034,無限動力實業有限公司
26612,無限動力實業有限公司
23702,無限動力實業有限公司
26919,無限動力實業有限公司
27383,無限動力實業有限公司
16476,無限動力實業有限公司
20396,無限頻率影視有限公司
24054,無雙（深圳）影業有限公司
21822,煉金術電影事業有限公司
23964,燈火闌珊有限公司
22614,燒聲娛樂實驗有限公司
24023,牽猴子股份有限公司
26439,牽猴子股份有限公司
18550,犢影制作電影有限公司
25590,狼谷娛樂股份有限公司
25522,王品文
29165,王子劍
25590,王志祥
26568,珠江影業傳媒股份有限公司
23702,珠海市橫琴星匯影院經營管理有限公司
20643,班迪國際有限公司
21373,瑞陞運通有限公司
24035,"瑪爾克電影有限公司,犢影制作電影有限公司,六六喜喜股份有限公司,巧克麗娛樂股份有限公司,有戲娛樂股份有限公司,喜滿客京華影城股份有限公司,相聚國際股份有限公司"
27925,瑪菲司股份有限公司
25104,用心快樂社會企業股份有限公司
28088,甯聚力文創事業有限公司
26546,畢業生有限公司
22614,畢業生有限公司
27328,異象國際傳播有限公司
27462,瘋念有限公司
20867,登月人影業有限公司
25306,發起日影視股份有限公司
19630,白色影像製作股份有限公司
16476,百代環球(北京)國際資產管理有限公司
28748,百聿數碼創意股份有限公司
19183,百聿數碼創意股份有限公司
17116,百聿數碼創意股份有限公司
26751,百聿數碼創意股份有限公司
25149,百聿數碼創意股份有限公司
26546,百聿數碼創意股份有限公司
25222,百聿數碼創意股份有限公司
25063,百聿數碼創意股份有限公司
28090,百薇國際娛樂股份有限公司
20725,皮諾丘電影事業有限公司
19630,皮諾丘電影事業有限公司
25306,皮諾丘電影事業有限公司
21822,皮諾丘電影事業有限公司
19729,益康顧問有限公司
20396,盛耀蔚萊（北京）國際文化發展有限公司 
19729,盛青陽娛樂製作股份有限公司
22080,目宿媒體股份有限公司
21949,目宿媒體股份有限公司
1585,目宿媒體股份有限公司
21908,目宿媒體股份有限公司
1626,目宿媒體股份有限公司
21943,目宿媒體股份有限公司
22179,目宿媒體股份有限公司
1593,目宿媒體股份有限公司
25897,目宿媒體股份有限公司
20053,目宿媒體股份有限公司
17831,目宿媒體股份有限公司
21914,目宿媒體股份有限公司
21887,目宿媒體股份有限公司
21932,目宿媒體股份有限公司
1586,目宿媒體股份有限公司
1608,目宿媒體股份有限公司
19987,目宿媒體股份有限公司
21915,目宿媒體股份有限公司
12489,相信音樂國際股份有限公司
15876,相信音樂國際股份有限公司
23926,相聚國際股份有限公司
24663,眾合千澄影視文化傳媒有限公司
23535,眾合千澄影視文化傳媒有限公司
26751,眾合千澄影視文化傳媒有限公司
23385,眾樂文化有限公司
23714,砌禾數位動畫股份有限公司
17116,硯石(廈門)文化傳媒有限公司
22082,社團法人中華民國大渡山學會
17116,神州娛樂股份有限公司
25116,神州娛樂股份有限公司
26077,福建自安然影業有限公司
23408,禾力文創有限公司
23394,禾豐九路娛樂有限公司
24818,禾豐九路娛樂有限公司
19269,禾豐九路娛樂有限公司
25222,秀泰國際娛樂股份有限公司
23843,秀泰集團
27992,種子影業股份有限公司
19065,稻田電影工作室有限公司
25063,積木影像製作有限公司
20646,空殼影像股份有限公司    
20176,童年漫畫股份有限公司
25994,築間餐飲事業股份有限公司
21200,簡單主張影音製作有限公司
25994,米倉影業股份有限公司
24214,米德媒體有限公司
25104,米珞安影業製作有限公司
26751,米神國際股份有限公司
25335,米神國際股份有限公司
20646,精漢堂影像有限公司
23377,紅色製作有限公司
27462,絕影股份有限公司
25116,維太平洋有限公司
22615,綺影映畫有限公司
25590,緯來電視網股份有限公司
28395,緯來電視網股份有限公司
29012,總公司電影有限公司
22613,繆克電影有限公司
21822,罡風創意映像有限公司
27017,羅苡珊
23688,美亞娛樂發展股份有限公司
23688,美亞長城傳媒（北京）有限公司
23391,美亞電影製作有限公司
23688,美亞電影製作有限公司
21517,美亞電影製作有限公司
29111,美力台灣3D協會
18190,美商華納兄弟(遠東)股份有限公司台灣分公司
25222,美學經濟國際股份有限公司
19986,羚邦控股有限公司
24239,羚邦控股有限公司
25984,羚邦集團有限公司
23409,群之噰傳播股份有限公司 
23409,群星瑞智國際藝能股份有限公司 
20531,群石國際有限公司
29573,義良企業有限公司
26751,翻滾吧男孩電影有限公司
27567,老斑鳩影視文化有限公司
17487,老灰狼影片製作有限公司
19662,老頑童娛樂有限公司
20396,耳東文化（北京）有限公司
20354,聚星文創娛樂事業股份有限公司
19269,聚星文創娛樂事業股份有限公司
24818,聚星文創娛樂事業股份有限公司
27879,聚星文創娛樂事業股份有限公司
23535,聚星文創娛樂事業股份有限公司 
24014,聚星文創娛樂事業股份有限公司 
22671,聚星文創娛樂事業股份有限公司 
23409,聚星文創娛樂事業股份有限公司 
25104,聯合數位文創股份有限公司
20986,聯瑞(上海)影業有限公司
20396,聯瑞（上海）影業有限公司
24981,聯瑞（上海）影業有限公司
27383,聯瑞（上海）影業有限公司
24818,能率影業股份有限公司
19269,能率影業股份有限公司
25116,能率影業股份有限公司
21119,臺中拍
27340,臺北市市場處
18306,臺北市政府
27340,臺北市政府文化局
18306,臺北市政府文化局 高雄人
25586,臺灣電視事業股份有限公司
502,興揚電影有限公司
24663,興揚電影有限公司
24014,良人行影業有限公司
19269,良人行影業有限公司
27879,良人行影業有限公司
24752,良人行影業有限公司
20354,良人行影業有限公司 
23535,良人行影業有限公司 
22671,良人行影業有限公司 
23409,良人行影業有限公司 
22659,艾婷投資股份有限公司
27462,艾德國際投資股份有限公司
20646,艾德國際投資股份有限公司
26546,艾慕影藝股份有限公司
20477,艾迪昇傳播事業有限公司
26664,艾迪昇傳播事業有限公司
14720,花千樹電影有限公司(A THOUSAND TREE FILMS) 高雄人
21801,花生映社有限公司
21919,花生映社有限公司
21978,花生映社有限公司
22085,花生映社有限公司
21812,花生映社有限公司
20396,芳草地影視（北京）有限公司
25149,英屬蓋曼群島商威望國際娛樂股份有限公司
17126,英爾有限公司
27822,英皇影業有限公司
26471,英皇影業有限公司
20822,英皇影業有限公司
19159,英皇影業有限公司
26567,英皇影業有限公司
29429,英皇影業有限公司
22182,英皇影業有限公司 
24132,"英皇影業有限公司,天津聯瑞影業有限公司,正夫影業有限公司,英皇（北京）影視文化傳媒,正夫君澤影視傳媒有限公司,阿那亞影視文化有限公司,天府正道影業有限公司,抖音文化（廈門）有限公司"
23535,英雄旅程股份有限公司 
21233,茂樹電影有限公司 高雄人
29379,草字頭娛樂有限公司
27961,莎美娜投資股份有限公司
22614,莫比文化創意有限公司
19319,菊地健興業有限公司
19859,華夏電影發行有限責任公司
26567,華夏電影發行有限責任公司
20396,華夏電影發行有限責任公司
26555,華夏電影發行有限責任公司
25104,華影國際影藝有限公司
25422,華文創股份有限公司
19729,華文創股份有限公司
24014,華文創股份有限公司 
23671,華文創股份有限公司 
20822,華文映像(北京)影業有限公司
26560,華文映像(北京)影業有限公司
19159,華文映像(北京)影業有限公司
26471,華文映像(北京)影業有限公司
20986,華文映像(北京)影業有限公司
23190,華文映像(北京)影業有限公司
29767,華文映像(北京)影業有限公司
26568,華文映像（北京）影業有限公司
27822,華文映像（北京）影業有限公司
24981,華文映像（北京）影業有限公司
26510,華文映像（北京）影業有限公司
28780,華文映象（北京）影業有限公司
26567,華文映象（北京）影業有限公司
26612,華文映象（北京）影業有限公司
28395,華映國際文創股份有限公司
18550,華映娛樂股份有限公司
19402,華映娛樂股份有限公司
25422,華映娛樂股份有限公司
23843,華映娛樂股份有限公司
19183,華映娛樂股份有限公司
24663,華映娛樂股份有限公司
24054,華映娛樂股份有限公司
26664,華映娛樂股份有限公司
26546,華映娛樂股份有限公司
27879,華映娛樂股份有限公司
22084,華映娛樂股份有限公司
25222,華映娛樂股份有限公司
25306,華映娛樂股份有限公司
25063,華映娛樂股份有限公司
22108,華映娛樂股份有限公司
20477,華映娛樂股份有限公司
21785,華映娛樂股份有限公司
27462,華映娛樂股份有限公司
23843,華研國際音樂股份有限公司
20747,華策影業 (香港) 有限公司
20747,華策影業(天津) 有限公司
20747,華策影視(北京)有限公司
17116,華納集團
26635,華能國際娛樂股份有限公司
29767,華誼兄弟電影(佛山)有限公司
22791,華誼兄弟電影有限公司
29767,華誼兄弟電影有限公司
20986,華誼兄弟電影有限公司
22791,華鳴星空文化傳媒有限公司
27925,華麗熊行銷有限公司
19957,菲博瑞思文創娛樂有限公司
23139,萊思捷有限公司
24009,萬寶路影業有限公司
19859,萬誘引力乙有限公司
23635,萬誘引力乙有限公司
26761,萬誘引力乙有限公司
22420,萬誘引力乙有限公司
27178,萬達電影股份有限公司
23729,蔡崇隆
24240,蕩麥影業（上海）有限公司
20817,藝碩文創股份有限公司
16508,藝英國際有限公司
23623,藝行者有限公司
23679,藝行者有限公司
24981,蘇州宇墨映畫影視文化傳媒體有限公司
26560,蘇州火花閃耀娛樂有限公司
26560,蘇州藍白紅影業有限公司
28736,蜂鳥影像有限公司
23190,蜃景影視文化傳播(海口)有限公司
22926,融創未來文化娛樂（北京）有限公司
10375,融觀電影有限公司
23926,衛山資本股份有限公司
20396,西咸新區秦漢野馬文化產業發展有限公司  
26707,西安喬松文化傳媒有限公司
22791,西安曲江影視投資(集團)有限公司
26560,西安曲江影視投資(集團)有限公司
23190,西虹市影視文化(天津)有限公司
27462,要有有限公司
24239,覓一有限公司
26780,視納華仁文化傳播股份有限公司
18796,視納華仁文化傳播股份有限公司
22448,視納華仁文化傳播股份有限公司
26795,角子影音製作有限公司
27301,角川映畫株式會社
26227,角川集團
25679,許聖宗
20817,許芳宜＆藝術家
20646,語謙行銷有限公司
25104,識富天使會
28088,象新立文化事業有限公司
25063,貝殼放大股份有限公司
20270,財團法人何春木文教基金會
20263,財團法人何春木文教基金會
29502,財團法人優人文化藝術基金會
28736,財團法人公共電視事業文化基金會
25681,財團法人公共電視文化事業基金會
23409,財團法人公共電視文化事業基金會
22687,財團法人公共電視文化事業基金會
15447,財團法人公共電視文化事業基金會
25681,財團法人公共電視文化事業基金會
22687,財團法人公共電視文化事業基金會
25681,財團法人公共電視文化事業基金會
27660,財團法人公共電視文化事業基金會
28405,財團法人公共電視文化事業基金會
20203,財團法人公共電視文化事業基金會
22687,財團法人公共電視文化事業基金會
20867,財團法人公共電視文化事業基金會
28395,財團法人台亞醫療公益基金會
18306,財團法人台北市文化基金會
23926,財團法人台北市文化基金會台北市電影委員會
24066,財團法人台北市文化基金會台北市電影委員會
25182,財團法人台北市文化基金會台北市電影委員會
12575,財團法人國家電影中心
19400,財團法人國際佛教法林基金會 
29430,財團法人天下雜誌教育基金會
20052,財團法人天主教失智老人社會福利基金會
27443,財團法人天主教失智老人社會福利基金會
22448,財團法人弘道老人福利基金會 
19320,財團法人彩晶文教基金會
27175,財團法人楊英風藝術教育基金會
19064,財團法人臺中市影視發展基金會
23926,財團法人臺中市影視發展基金會
25590,財團法人臺中市影視發展基金會
26780,財團法人蔣見美教授文教基金會
502,財團法人高雄市文化基金會
11237,赤角（北京）文化傳播有限公司
19250,赤角（北京）文化傳播有限公司
25116,超級娛樂有限公司
27462,超級娛樂有限公司
29635,超級子彈影業有限公司
19159,超級子彈影業有限公司
24023,路野生態影像有限公司
20312,車庫娛樂股份有限公司
23355,車庫影業股份有限公司
26664,轅年視覺創意股份有限公司
28395,轅年視覺創意股份有限公司
20747,逞能影視製作(北京) 有限公司
19064,遊戲橘子數位科技股份有限公司
27961,運永投資有限公司
22673,那時此刻股份有限公司
23440,邵氏兄弟國際影業有限公司
20396,邵氏兄弟國際影業有限公司
21822,采昌國際多媒體股份有限公司
22791,重慶潤錦滙影視文化傳媒有限公司
26560,重慶電影集團有限公司
23535,金盞花大影業股份有限公司 
27945,金華市奶昔映畫影視文化傳媒有限公司
19729,金贊實業有限公司
21747,金銀島製作有限公司
23611,鈊象電子股份有限公司
27506,銀翼文創有限公司
25150,銀都機構有限公司
26612,銀都機構有限公司
23702,銀都機構有限公司
19159,銀都機構有限公司
27383,銀都機構有限公司
24730,"銀都機構有限公司,步登高影像有限公司,博納影視娛樂有限公司,北京博納影業集團有限公司,阿里巴巴影業(北京)有限公司,上海博納文化傳媒有限公司"
23702,銀都機構（廣州）影視文化有限公司
25104,鏡文學股份有限公司
21785,鏡文學股份有限公司
28748,鏡文學股份有限公司
23843,鏡文學股份有限公司
19183,鏡文學股份有限公司
23190,長影時代傳媒股份有限公司
19319,長龢有限公司
19319,阿榮影業股份有限公司
25728,阿榮影業股份有限公司
24752,阿榮影業股份有限公司
27873,阿榮影業股份有限公司
25116,阿榮影業股份有限公司
502,阿榮影業股份有限公司
28090,阿榮影業股份有限公司(聯合出品公司)
20986,阿里巴巴影業(北京)有限公司
29429,阿里巴巴影業娛樂傳媒有限公司
23635,阿里巴巴影業娛樂傳媒有限公司
22926,阿里巴巴影業（北京）有限公司
22630,阿里巴巴影業（北京）有限公司
20396,阿里巴巴影業（北京）有限公司
21179,陳勇瑞
16476,雅美星有限公司
28395,雪巴影視股份有限公司
27462,雪巴影視股份有限公司
26560,雲南金彩視界影業股份有限公司
25150,雲南金彩視界影業股份有限公司
27462,雲諾運動文教股份有限公司
25424,雲諾運動文教股份有限公司
27961,雷宮製作有限公司
19859,電訊盈科媒體有限公司 
21616,霍爾果斯佰安影業有限公司
22926,霍爾果斯有忻影業有限公司
16476,霍爾果斯泰洋川禾文化傳媒有限公司
21616,霍爾果斯聚合影聯文化傳媒有限公司
22926,霍爾果斯聯瑞影業有限公司
27178,霍爾果斯聯瑞木馬影視傳媒有限公司
20396,霍爾果斯金逸影業有限公司 
21839,霹靂國際多媒體股份有限公司
25335,霹靂國際多媒體股份有限公司
26751,霹靂國際多媒體股份有限公司
25590,霹靂國際多媒體股份有限公司
20175,霹靂國際多媒體股份有限公司
21731,霹靂國際多媒體股分有限公司
29672,靈英基金會
28780,青島明英影業有限公司
22791,青島翰洺影業有限公司
23506,青睞影視製作股份有限公司
20319,青鳥影業(上海)有限公司
23439,青鳥電影製片有限公司
16901,非凡娛樂製作有限公司
21423,非洋娛樂傳媒（北京）有限公司
19319,風度國際有限公司
23926,風度國際股份有限公司
28827,飛昇國際娛樂有限公司
21165,飛望影像有限公司
28363,飛望影像有限公司
25862,飛望影像有限公司
20867,飛望影像有限公司
21839,飛爾創意有限公司
19957,飛爾創意有限公司
19122,飛行圓國際有限公司
29672,香港亞洲文化傳播有限公司
23926,香港商甲上娛樂有限公司台灣分公司
18190,香港商福斯傳媒有限公司台灣分公司
24752,香港托特智能有限公司
21747,香港電影發展基金
23635,香港電影發展基金
23391,香港電影發展基金
26743,香港電影發展基金
22231,香港電影發展基金
29672,香港電影發展基金會及文創產業發展處
19159,香港騰訊影業有限公司
24054,香蕉映畫有限公司
21822,馬棋朵數位影像製作有限公司
18550,馬棋朵數位影像製作有限公司
27925,馬棋朵數位影像製作有限公司
20725,馬棋朵數位影像製作有限公司
27462,馬氏影業工作室
20867,駕絲齋影像美術設計
25150,駿和影業務（北京）有限公司
21423,騰訊影業文化傳播有限公司
19159,騰訊影業文化傳播有限公司
23190,騰訊影業文化傳播有限公司
23688,高寶集團影視有限公司
23688,高益創新投資公共有限公司
29573,高雄人
26872,高雄人
23934,高雄人
21119,高雄人
27567,高雄人
20646,高雄人（高雄市電影館）
25590,高雄市電影館
22687,高雄市電影館
22687,高雄市電影館
19402,高雄市電影館
25681,高雄市電影館
25681,高雄市電影館
25681,高雄市電影館
22687,高雄市電影館
23701,高雄市電影館（高雄人）
25063,高雄統夢秀泰影城股份有限公司
23831,高雄電影館
26893,鬆鬆影視有限公司
24214,魔森內容映畫股份有限公司
23961,魚禾草影像有限公司
21087,鯤鯓影像有限公司
27484,鳥瞰製作有限公司
24257,鳳鳴國際影業有限公司
23795,鴻奇文化事業有限公司
20005,鴻奇文化事業有限公司
28395,鴻聯國際開發股份有限公司
29795,鴻聯國際開發股份有限公司
29122,鴻聯國際開發股份有限公司
25116,鷹美影業有限公司
27462,鷹美影業有限公司
20920,鹿一電影製作有限公司
19662,鹿橋文化事業股份有限公司
19402,鹿路電影有限公司
26635,麗富開發股份有限公司
28636,麵包情人電影有限公司
19269,麻吉砥加電影有限公司
22659,麻吉砥加電影有限公司
23394,麻吉砥加電影有限公司
25104,麻吉砥加電影有限公司
24818,麻吉砥加電影有限公司
25590,黃人有限公司
20262,黃明川
1394,黃明川電影視訊有限公司
18618,黃明川電影視訊有限公司
25587,黃琇怡
26479,黑石映像傳播製作社
23835,黑科技電影工作室
15629,黑糖媒體創意有限公司
23385,點對點製作有限公司
27506,點對點製作有限公司
29672,鼎鈞投資有限公司
19319,齊石傳播有限公司
22901,ＭＫ2 Films
