MovieId,Publisher_name,PublisherId
28087,CYGAMES INC.,151
26872,ARTE FRANCE,50
22960,BEYOND C. CO. LTD.,82
22961,BEYOND C. CO. LTD.,82
23234,BROADWAY ON DEMAND,94
26872,CANAL+,99
26872,CINE+,120
26384,CIE,119
20103,CO. KG,141
26751,COMMUNICATIONS INC.,143
21031,LIMITED,337
19357,MEDIA (SINGAPORE),375
26872,ORANGE STUDIO,428
26140,PARTNERS,441
26741,PICTURES,449
26630,PICTURES,449
19000,PICTURES INC.,450
22113,PLUSM.,453
23284,RELEASING LLC,479
23488,S.A.R.L.,486
24061,S.A.R.L.,486
23122,S.L.,487
29064,S.L.,487
25101,S.L.,487
29605,S.L.U.,488
22893,S.L.U.,488
21796,S.À R.L,489
29166,SASU,493
28977,SONY PICTURES RELEASING INTERNATIONAL CORPORATION.,519
29471,STUDIOCANAL S.A.S.,530
27054,SUNRISE INC.,533
29481,STUDIOCANAL S.A.S,529
26873,TRUE COLOURS GLORIOUS FILMS,591
27522,TV HOUSE LIMITED,599
29188,TV HOUSE LIMITED,599
26778,WARNER BROS. PICTURES JAPAN,625
21780,PICTURES INC.,450
27029,PICTURES INC.,450
29237,PICTURES INC.,450
27445,PICTURES INC.,450
17129,PICTURES INC.,450
21350,PICTURES INC.,450
28099,PICTURES INC.,450
27966,PICTURES INC.,450
27379,PICTURES INC.,450
27648,PICTURES INC.,450
29502,牽猴子股份有限公司,1256
20822,英皇(北京)影視文化傳媒有限公司,1357
22182,英皇娛樂(香港)有限公司,1358
22182,香港電影發展基金,1502
6215,&#X4E0A;&#X6D77;&#X9A30;&#X8A0A;&#X5F71;&#X696D;&#X6587;&#X5316;&#X50B3;&#X64AD;&#X6709;&#X9650;&#X516C;&#X53F8;&#X3001;&#X970D;&#X723E;&#X679C;&#X65AF;&#X9752;&#X6625;&#X5149;&#X7DDA;&#X5F71;&#X696D;&#X6709;&#X9650;&#X516C;&#X53F8;&#X3001;&#X5929;&#X6D25;&#X4E94;&#X516B;&#X540C;&#X57CE;&#X5F71;&#X8996;&#X6587;&#X5316;&#X6709;&#X9650;&#X516C;&#X53F8;&#X3001;&#X970D;&#X723E;&#X679C;&#X65AF;&#X6625;&#X5929;&#X878D;&#X5408;&#X50B3;&#X5A92;&#X6709;&#X9650;&#X516C;&#X53F8;&#X3001;&#X6D59;&#X6C5F;&#X967D;&#X5149;&#X5F71;&#X696D;&#X80A1;&#X4EFD;&#X6709;&#X9650;&#X516C;&#X53F8;&#X3001;&#X5317;&#X4EAC;&#X5B89;&#X745E;&#X5F71;&#X8996;&#X6587;&#X5316;&#X50B3;&#X5A92;&#X6709;&#X9650;&#X516C;&#X53F8;&#X3001;&#X5317;&#X4EAC;&#X7FA4;&#X82F1;&#X8588;&#X5F71;&#X696D;&#X6587;&#X5316;&#X6709;&#X9650;&#X516C;&#X53F8;&#X3001;&#X970D;&#X723E;&#X679C;&#X65AF;&#X5E02;&#X5343;&#X6613;&#X5FD7;&#X8AA0;&#X6587;&#X5316;&#X50B3;&#X5A92;&#X6709;&#X9650;&#X516C;&#X53F8;&#X3001;&#X4E0A;&#X6D77;&#X95AC;&#X6620;&#X5F71;&#X8996;&#X6587;&#X5316;&#X50B3;&#X5A92;&#X6709;&#X9650;&#X516C;&#X53F8;,0
6252,(德國)THE MATCH FACTORY GMBH,1
8873,(法國) CELLULOID DREAMS SAS,2
8878,(法國) CELLULOID DREAMS SAS,2
8747,(法國)CELLULOID DREAMS SAS,3
8749,(法國)CELLULOID DREAMS SAS,3
8693,(法國)DOC AND FILM INTERNATIONAL,4
9159,(法國)DOC AND FILM INTERNATIONAL,4
5643,(法國)FILMS SANS FRONTIERES,5
5666,(法國)FILMS SANS FRONTIERES,5
9952,(法國)MK2,6
19639,(美國)SONY PICTURES RELEASING INTERNATIONAL CORPORATION.,7
27723,(聯合出品)合名實業有限公司,8
27723,(聯合出品)基翔影視有限公司,9
27723,(聯合出品)平天下電影娛樂有限公司,10
7689,(英國)PARK CIRCUS LIMITED,11
9993,(英屬維京群島)EAST ASIA FILMS DISTRIBUTION LIMITED,12
9993,(香港)ESUN.COM LIMITED,13
7777,(香港)INFINITY ENTERTAINMENT LTD.,14
28166,. LTD,15
21384,1982 PRODUCTIONS LLC,16
20565,1984工作室,17
25737,1988廣告製作有限公司,18
21786,8028控股有限公司,19
28167,852 FILMS,20
24046,A24 INTERNATIONAL LLC,21
20828,A24 INTERNATIONAL LLC,21
18430,A24 INTERNATIONAL LLC,21
20415,ABC ANIMATION INC.,22
21310,ABC ANIMATION INC.,22
17110,ABC ANIMATION INC.,22
29733,ABS-CBN FILM PRODUCTIONS INC.,23
24259,ACE ENTERTAINMENT FILMS INC,26
21796,ACE HOLDINGS,27
26502,ADK EMOTIONS INC.,29
28240,ADK EMOTIONS INC.,29
19157,ADK EMOTIOS INC.,30
21864,ADK EMOTIOS INC.,30
23826,ADK EMOTIONS INC.,29
24939,ADK EMOTIONS INC.,29
29465,ADK EMOTIONS INC.,29
26384,AGAT FILMS,31
20191,ALIEF SAS.,34
26880,ALTERNA INC.,37
28507,ALTITUDE FILM SALES LIMITED,38
21017,ALTITUDE FILM SALES LIMITED,38
23311,AMBI EXCLUSIVE ACQUISITION CO. LLC,39
26648,AMUSE INC.,40
25429,ANGEL STUDIOS LICENSING LLC,41
25776,ANIPLEX INC.,46
29085,ANTON CAPITAL ENTERTAINMENT S.A.,47
17242,ARGOS FILMS SA,48
20533,ARI PRODUCTION株式會社,49
28411,ARTHOOD ENTERTAINMENT GMBH.,52
22198,ARTHOOD ENTERTAINMENT GMBH.,52
25305,ASIAN SHADOWS INTERNATIONAL SALES LIMITED,54
23784,ASMIK ACE  INC,55
21928,ASMIK ACE INC.,56
21627,ASMIK ACE INC.,56
21718,ASMIK ACE INC.,56
20684,ASMIK ACE INC.,56
22239,ATRIUM PRODUCTIONS KFT,58
23652,ATRIUM PRODUCTIONS KFT.,59
23214,ATRIUM PRODUCTIONS KFT.,59
23752,ATRIUM PRODUCTIONS KFT.,59
29400,ATRIUM PRODUCTIONS KFT.,59
20520,AVEX PICTURES INC.,64
20535,AVEX PICTURES INC.,64
20484,ACCELERATED GLOBAL CONTENT LLC,24
24086,ACCESS TELEVISION JAPAN LTD,25
26364,ADACHI MASAO SCREENING COMMITTEE,28
26366,ADACHI MASAO SCREENING COMMITTEE,28
26365,ADACHI MASAO SCREENING COMMITTEE,28
26363,ADACHI MASAO SCREENING COMMITTEE,28
28363,AKANGA FILM ASIA,32
21223,ALL RIGHTS ENTERTAINMENT.LTD,35
26956,ALPHA VIOLET,36
22739,ALPHA VIOLET,36
23217,ALPHA VIOLET,36
23687,ALTITUDE FILM SALES LIMITED,38
28745,ALTITUDE FILM SALES LIMITED,38
28917,ALTITUDE FILM SALES LIMITED,38
26958,ANGEL STUDIOS LICENSING LLC,41
26836,ANGEL STUDIOS LICENSING LLC,41
20780,ANIMATION ENTERTAINMENT LTD.,42
25011,ANIMATION INTERNATIONAL LTD,43
25106,ANIMATION INTERNATIONAL LTD,43
25023,ANIMATION INTERNATIONAL LTD,43
25043,ANIMATION INTERNATIONAL LTD,43
24972,ANIMATION INTERNATIONAL LTD,43
25078,ANIMATION INTERNATIONAL LTD,43
25127,ANIMATION INTERNATIONAL LTD,43
28637,ANIPLEX,44
28752,ANIPLEX INC.,46
29592,ANIPLEX INC.,46
25304,ANIPLEX INC.,46
25991,ANIPLEX INC.,46
25341,ANIPLEX INC.,46
22751,ANIPLEX INC.,46
17368,ANIPLEX INC.,46
26668,ANIPLEX INC.,46
23365,ANIPLEX INC.,46
28735,ANIPLEX INC.,46
19722,ANIPLEX INC.,46
23662,ANIPLEX INC.,46
27734,ANIPLEX INC.,46
20057,ANIPLEX INC.,46
19895,ANIPLEX INC.,46
24969,ANIPLEX INC.,46
19094,ANIPLEX INC.,46
14011,ANIPLEX INC.,46
27965,ANIPLEX INC.,46
26383,ANIPLEX INC.,46
20134,ARTHOOD ENTERTAINMENT GMBH,51
20312,ARTHUR FILM 아더필름(주),53
25398,ASMIK ACE INC.,56
27600,ASMIK ACE INC.,56
26139,ASMIK ACE INC.,56
25591,ATRIUM PRODUCTION KFT.,57
22265,ATRIUM PRODUCTIONS KFT.,59
20681,ATRIUM PRODUCTIONS KFT.,59
22479,ATRIUM PRODUCTIONS KFT.,59
21160,ATRIUM PRODUCTIONS KFT.,59
24417,ATRIUM PRODUCTIONS KFT.,59
22651,ATRIUM PRODUCTIONS KFT.,59
23786,ATRIUM PRODUCTIONS KFT.,59
25803,ATRIUM PRODUCTIONS KFT.,59
20975,ATRIUM PRODUCTIONS KFT.,59
20848,ATRIUM PRODUCTIONS KFT.,59
22818,ATRIUM PRODUCTIONS KFT.,59
21779,ATRIUM PRODUCTIONS KFT.,59
24252,ATRIUM PRODUCTIONS KFT.,59
20713,ATRIUM PRODUCTIONS. KFT.,60
28484,AUTLOOK FILMSALES GMBH,61
24729,AUTLOOK FILMSALES GMBH,61
29084,AUTLOOK FILMSALES GMBH AS SALES AGENT FOR VENOM LTD,62
20744,AVEX PICTURE INC.,63
28046,AVEX PICTURES INC.,64
20355,BANDAI NAMCO ARTS INC.,65
20579,BATRAX ENTERTAINMENT B.V.,69
26317,BE FOR FILMS,71
27158,BE FOR FILMS,71
20712,BE FOR FILMS,71
26705,BE FOR FILMS,71
18318,BENED GOBAL SDN BHD,76
29524,BEST FRIEND FOREVER SPRL,77
28456,BEST FRIEND FOREVER SPRL,77
20527,BETA CINEMA,78
22114,BIGWEST CO. LTD.,83
22229,BIGWEST CO. LTD.,83
24372,BITTERS END INC,84
20582,BL PRODUCTION LLC,85
26885,BLUE FINCH FILM RELEASING LIMITED,90
29714,BLUE FOX ENTERTAINMENT2 LLC,91
25408,BUENA VISTA INTERNATIONAL INC.,95
22663,BUENA VISTA INTERNATIONAL INC.,95
22242,BUENA VISTA INTERNATIONAL INC.,95
22416,BUENA VISTA INTERNATIONAL INC.,95
22530,BUENA VISTA INTERNATIONAL INC.,95
23138,BUENA VISTA INTERNATIONAL INC.,95
26318,BUENA VISTA INTERNATIONAL INC.,95
25524,BUENA VISTA INTERNATIONAL INC.,95
22678,BUENA VISTA INTERNATIONAL INC.,95
27384,BUENA VISTA INTERNATIONAL INC.,95
23646,BUENA VISTA INTERNATIONAL INC.,95
27655,BUENA VISTA INTERNATIONAL INC.,95
25060,BUENA VISTA INTERNATIONAL INC.,95
23647,BUENA VISTA INTERNATIONAL INC.,95
26989,BUENA VISTA INTERNATIONAL INC.,95
26229,BUENA VISTA INTERNATIONAL INC.,95
24784,BUENA VISTA INTERNATIONAL INC.,95
26716,BUENA VISTA INTERNATIONAL INC.,95
26066,BUENA VISTA INTERNATIONAL INC.,95
28065,BUENA VISTA INTERNATIONAL INC.,95
29376,BUENA VISTA INTERNATIONAL INC.,95
22649,BUENA VISTA INTERNATIONAL INC.,95
23049,BUENA VISTA INTERNATIONAL INC.,95
29594,BUENA VISTA INTERNATIONAL INC.,95
28195,BUENA VISTA INTERNATIONAL INC.,95
26243,BUENA VISTA INTERNATIONAL INC.,95
20277,BUENA VISTA INTERNATIONAL INC.,95
23322,BUENA VISTA INTERNATIONAL INC.,95
23641,BUENA VISTA INTERNATIONAL INC.,95
19817,BUENA VISTA INTERNATIONAL INC.,95
20362,BUENA VISTA INTERNATIONAL INC.,95
19539,BUENA VISTA INTERNATIONAL INC.,95
19688,BUENA VISTA INTERNATIONAL INC.,95
19657,BUENA VISTA INTERNATIONAL INC.,95
20403,BUENA VISTA INTERNATIONAL INC.,95
18846,BUENA VISTA INTERNATIONAL INC.,95
19150,BUENA VISTA INTERNATIONAL INC.,95
21742,BUENA VISTA INTERNATIONAL INC.,95
19885,BUENA VISTA INTERNATIONAL INC.,95
21422,BUENA VISTA INTERNATIONAL INC.,95
20470,BUENA VISTA INTERNATIONAL INC.,95
20050,BUENA VISTA INTERNATIONAL INC.,95
18984,BUENA VISTA INTERNATIONAL INC.,95
21054,BUENA VISTA INTERNATIONAL INC.,95
21741,BUENA VISTA INTERNATIONAL INC.,95
18891,BUENA VISTA INTERNATIONAL INC.,95
24787,"BUENA VISTA INTERNATIONAL, INC.",96
24416,"BUENA VISTA INTERNATIONAL, INC.",96
24128,"BUENA VISTA INTERNATIONAL, INC.",96
5887,"BUENA VISTA INTERNATIONAL,INC.",97
23923,BANDAI NAMCO FILMWORKS,66
27959,BANDAI NAMCO FILMWORKS INC.,67
25350,BANDAI NAMCO FILMWORKS INC.,67
25400,BANDAI NAMCO FILMWORKS INC.,67
23197,BANDAI NAMCO FILMWORKS INC.,67
25045,BANKSIDE FILMS LTD,68
23885,BANKSIDE FILMS LTD,68
25637,BANKSIDE FILMS LTD,68
26213,BANKSIDE FILMS LTD,68
20589,BAVARIA MEDIA INTERNATIONAL A DIVISION OF BAVARIA MEDIA GMBH,70
21046,BE FOR FILMS,71
26501,BE ON CLOUD CO. LTD,72
26650,BEIJING MONAR FILMS CO. LTD,73
28435,BEIJING MONAR FILMS CO. LTD.,74
26214,BENDITA FILMS SALES,75
20223,BETA CINEMA GMBH,79
20534,BETA CINEMA GMBH,79
22515,BETA CINEMA GMBH,79
19408,BETA CINEMA GMBH.,80
26477,BETA CINEMA GMBH,79
23290,BETA FILM GMBH,81
18110,BETA FILM GMBH,81
19510,BEYOND C. CO. LTD.,82
25359,BLACKBIRD PRODUCTIONS B.V.,86
29155,BLEIBERG ENTERTAINMENT LLC,87
25321,BLEIBERG ENTERTAINMENT LLC,87
23519,BLOCK 2 DISTRIBUTION LTD. 春光電影發行有限公司,88
23519,BLOCK 2 PICTURES INC. 春光映画,89
28508,BLUE RIVER FILMS CO. LTD.,92
20659,BOIES,93
28551,BOIES,93
23207,BROADWAY ON DEMAND,94
23839,BROADWAY ON DEMAND,94
23797,BROADWAY ON DEMAND,94
20103,BUSCH MEDIE GROUP GMBH,98
20992,CAPSTONE GLOBAL CORP,100
23284,CARGO FILM,101
5513,CARLOTTA FILMS,102
27770,CASTELAO PICTURES,103
24859,"CASTELAO PICTURES, S.L.U.",104
19205,CASTELAＯ PICTURES,105
22309,CAT,106
25285,CAT&DOCS,107
24474,CBC RADIO-CANADA,108
18745,CENTRAL PARTNERSHIP SALES HOUSE,112
22895,CERCAMON MFZE,113
19627,CHARADES,114
25983,CHARADES,114
18749,CHARADES,114
24341,CHARADES,114
23904,CHARADES,114
23872,CHARADES,114
26320,CHARADES,114
20802,CHARADES,114
21993,CHARADES,114
18053,CHARADES,114
22173,CHARADES,114
21440,CHARADES,114
28476,CHARADES,114
23462,CHARADES,114
29427,CHARADES S.A.S,115
23198,CHARADES SAS,116
29617,CINECITTA S.P. A.,121
26140,CINEMA INUTILE INC.,124
26777,CINEMA MANAGEMENT GROUP,125
18629,CINEMA MANAGEMENT GROUP LLC,126
14880,CJ 4DPLEX,130
29553,CJ 4DPLEX CO. LTD,131
20981,CJ 4DPLEX CO. LTD.,132
23882,CJ CGV CO. LTD.,133
8031,CJ E,134
13290,CJ ENM CO. LTD,135
19243,CJ ENM CO. LTD.,136
19240,CJ ENM CO. LTD.,136
20654,CJ ENM CO. LTD,135
23587,CJ ENM CO. LTD.,136
27030,CJ HK ENTERTAINMENT COMPANY LTD,137
23519,CLASSIC SRL,138
26872,COHEN MEDIA GROUP LLC,142
28047,CONTENTS PANDA,144
29007,CONTENTS PANDA,144
26368,CS PRODUCTION,147
28166,CULTURE ENTERTAINMENT CO,148
23401,CULTURE ENTERTAINMENT CO. LTD.,149
23639,CULTURE ENTERTAINMENT CO. LTD.,149
27523,CULTURE ENTERTAINMENT CO. LTD.,149
20489,CARLOTTA FILMS,102
29605,CASTELAO PICTURES,103
24051,CASTELAO PICTURES,103
22893,CASTELAO PICTURES,103
20124,CELLULOID DREAMS SARL,109
24515,CELLULOID DREAMS SAS,110
26313,CELLULOID DREAMS SAS,110
24497,CELLULOID DREAMS SAS,110
22524,CENTRAL PARTNERHSIP SALES HOUSE LCC,111
21173,CENTRAL PARTNERSHIP SALES HOUSE,112
19136,CENTRAL PARTNERSHIP SALES HOUSE,112
22523,CERCAMON MFZE,113
21356,CHARADES,114
24117,CHARADES,114
23548,CHARADES,114
24066,CHILDREN'S TOWN LIMITED.,117
25148,CHOIROCK CONTENTS COMPANY CO. LTD.,118
18829,CHOIROCK CONTENTS COMPANY CO. LTD.,118
27548,CINECITTÀ S.P.A.,122
27989,CINEMA INUTILE,123
28363,CINEMA INUTILE,123
26750,CINEMA MANAGEMENT GROUP,125
28083,CINEMA MANAGEMENT GROUP LLC,126
21528,CINEMA MANAGEMENT GROUP LLC,126
20729,CINEPHIL,127
18785,CINEPHIL-PHILIPPA KOWARSKY PRODUCTIONS LTD,128
3955,CINÉMATHÈQUE FILMARCHIEF,129
27047,CLOVER FILMS,140
27172,CORNERSTONE FILMS LTD,145
21906,CREATION STORIES LIMITED,146
26751,CYBERAGENT INC.,150
26751,CYGAMES INC.,151
23637,DENTSU PROMOTION PLUS INC.,155
23638,DENTSU PROMOTION PLUS INC.,155
29093,DHARMA PRODUCTIONS,158
23121,DMM.COM LLC,160
28159,DMM.COM LLC,160
25990,DOGWOOF LTD,162
27840,DOGWOOF LTD,162
28778,DOGWOOF LTD,162
28082,DR SALES,163
27109,DR SALES,163
29011,DECKERT DISTRIBUTION GMBH,152
27414,DENTSU ANIME SOLUTIONS INC.,153
28826,DENTSU ANIME SOLUTIONS LNC.,154
28840,DENTSU ANIME SOLUTIONS LNC.,154
27007,DENTSU TEC INC.,156
28761,DEUX DAMES ENTERTAINMENT,157
20674,DISTRIBUTION WORKSHOP (BVI) LIMITED,159
22309,DOCS,161
28108,ELIZABETH PRODUCTIONS LIMITED,164
18268,ELLE DRIVER,165
24045,ELLE DRIVER,165
24063,ELLE DRIVER SAS,166
20873,ELLE DRIVER SAS,166
27873,ELYSIÜM CINÉ,167
18456,EMBANKMENT FILMS LIMITED,168
26339,EMBANKMENT FILMS LIMITED,168
17975,EMBANKMENT FILMS LIMITED,168
27512,EMBANKMENT FILMS LIMITED,168
29065,EPIC PICTURES GROUP INC.,171
26367,EPILEPTIC,173
29086,EST N8 LLC,177
26872,EURIMAGES,178
25631,EYRIE ENTERTAINMENT GMBH,182
20363,ELLE DRIVER,165
24467,EMBANKMENT FILMS LTD.,169
24053,ENJOY TV HOLDING SDN. BHD,170
29573,EPIC RECORDS JAPAN INC.,172
29616,ERGIS FILM PRODUCTIONS,174
21031,ERROR 404 PRODUCTIONS,175
21994,ESSEN.COMMUNICATIONS INC.,176
28404,EUROPACORP,179
20652,EVRIT CONSULTING KFT.,180
20867,EXOCORPUS PRODUCTIONS,181
19601,FGD MOVIE INC.,186
21821,FILM,187
27522,FILM,187
25177,FILM BOUTIQUE SAS,188
21221,FILM CONSTELLATION LTD.,189
24094,FILM CONSTELLATION LTD.,189
26148,FILM CONSTELLATION LTD.,189
24256,FILM CONSTELLATION SAS,190
29064,FILM FACTORY ENTERTAINMENT,191
20596,FILM FACTORY ENTERTAINMENT,191
23560,FILM FACTORY ENTERTAINMENT,191
19857,FILM FACTORY ENTERTAINMENT,191
23122,FILM FACTORY ENTERTAINMENT,191
21352,FILM FACTORY ENTERTAINMENT,191
18826,FILM FOUR LIMITED,193
26872,FILM FUND LUXEMBOURG,194
24951,FILMS BOUTIQUE SAS,197
23887,FILMS BOUTIQUE SAS,197
20962,FILMS BOUTIQUE SAS,197
5183,FILMS DISTRIBUTION,199
27552,FILMS SANS FRONTIERES,200
25242,FINECUT,202
23146,FINECUT CO. LTD,203
27763,FINECUT CO. LTD.,204
9051,FINECUT CO. LTD.,204
24842,FINECUT CO. LTD.,204
29371,FINECUT CO. LTD.,204
28490,FINECUT CO. LTD.,204
26806,FINECUT CO. LTD.,204
28475,FINECUT CO. LTD.,204
20942,FINECUT CO. LTD,203
18516,FINECUT CO. LTD,203
20633,FINECUT CO. LTD.,204
20555,FINECUT CO. LTD.,204
18817,FINECUT CO. LTD.,204
24542,"FINECUT CO., LTD.",205
24201,"FINECUT CO., LTD.",205
22117,FIREBIRD PRODUCTION LIMITED,206
27873,FIXAFILM,210
22879,FLAMING DEVILS LLC,211
13268,FONDAZIONE CINETECA DI BOLOGNA,213
3033,FORTISSIMO AMSTERDAM B.V,214
20741,FORTUNE STAR MEDIA LIMITED,215
20697,FORTUNE STAR MEDIA LIMITED,215
20763,FORTUNE STAR MEDIA LIMITED,215
20702,FORTUNE STAR MEDIA LIMITED,215
20451,FRANCE TELEVISIONS DISTRIBUTION,217
27603,FRANCE TELEVISIONS DISTRIBUTION,217
24284,FRANCE TELEVISIONS DISTRIBUTION,217
20177,FREANCE TELEVISIONS DISTRIBUTION,218
19690,FREEWAY ENTERTAINMENT KFT.,220
20528,FREEWAY ENTERTAINMENT KFT.,220
26682,FUJI CREATIVE CORPORATION,221
19788,FUJI CREATIVE CORPORATION,221
27491,FUJI CREATIVE CORPORATION,221
26122,FUJI CREATIVE CORPORATION,221
26949,FUJI CREATIVE CORPORATION,221
7310,FUNNY BALLOONS,222
24254,FUNNY BALLOONS,222
22020,FURYU CORPORATION,224
20143,FANDOM HOLDINGS LLC.,183
25827,FANDOM HOLDINGS LLC.,183
18693,FANDOM HOLDINGS LLC.,183
27178,FANTAWILD ANIMATION INC.,184
20941,FESTIMANIA PICTURES SL,185
29188,FILM,187
26515,FILM CONSTELLATION LTD.,189
25130,FILM CONSTELLATION SAS,190
26149,FILM FACTORY ENTERTAINMENT,191
25101,FILM FACTORY ENTERTAINMENT,191
23858,FILM FACTORY ENTERTAINMENT S.L.,192
24105,FILM MODE ENTERTAINMENT,195
20827,FILM REPUBLIC SALES LTD,196
28363,FILMS DE FORCE MAJEURE,198
21165,FILMS DE FORCE MAJEURE,198
26307,FILMTANK BERLIN,201
29099,FINECUT CO. LTD.,204
21045,FIRST HAND FILMS,207
24833,"FIVE STAR PRODUCTION CO.,LTD.",208
21210,FIVE STAR PRODUCTION COMPANY LIMITED,209
20740,FLYING CLOUND PRODUCTION INC.,212
20671,FORTUNE STAR MEDIA LIMITED,215
25393,FRAME OF MIND DILMS INC,216
21717,FRANCE TELEVISIONS DISTRIBUTION,217
22881,FREE STONE PRODUCTIONS CO. LTD.,219
22508,FREE STONE PRODUCTIONS CO. LTD.,219
20993,FREE STONE PRODUCTIONS CO. LTD.,219
26388,FREE STONE PRODUCTIONS CO. LTD.,219
20951,FREE STONE PRODUCTIONS CO. LTD.,219
20235,FREEWAY ENTERTAINMENT KFT.,220
24662,FREEWAY ENTERTAINMENT KFT.,220
24108,FUJI CREATIVE CORPORATION,221
22378,FUJI CREATIVE CORPORATION,221
20865,FUJI CREATIVE CORPORATION,221
28271,FUNNY FLUX CO. LTD.,223
19357,G.H.Y. CULTURE,225
24112,GAGA CORPORATION,226
27375,GAGA CORPORATION,226
23700,GAGA CORPORATION,226
21624,GAGA CORPORATION,226
22503,GAGA CORPORATION,226
28356,GAGA CORPORATION,226
21382,GAGA CORPORATION,226
21354,GAGA CORPORATION,226
20529,GAGA CORPORATION,226
29623,GAGA CORPORATION,226
28178,GAGA CORPORATION.,227
27938,GAGA CORPORSTION,228
27958,GAGA CORPORSTION,228
26656,GAUMONT,229
20485,GAUMONT S.A,230
21809,GAUMONT S.A.,231
27964,GAUMONT S.A.,231
20399,GAUMONT S.A.,231
6210,GAUMONT S.A.,231
27654,GDH 559 CO. LTD.,232
24311,GDH 559 COMPANY LIMITED,233
29063,GDH 559 COMPANY LIMITED,233
25777,GDH 559 COMPANY LIMITED,233
29610,GDH 559 COMPANY LIMITED,233
22115,GEM ENTERTAINMENT KFT.,234
29716,GEM ENTERTAINMENT KFT.,234
24189,GEM ENTERTAINMENT KFT.,234
18014,GEM ENTERTAINMENT KFT.,234
22963,GEM ENTERTAINMENT KFT.,234
20929,GEM ENTERTAINMENT KFT.,234
27813,GEM ENTERTAINMENT KFT.,234
23861,GEM ENTERTAINMENT KFT.,234
25349,GEM ENTERTAINMENT KFT.,234
27045,GEM ENTERTAINMENT KFT.,234
26842,GEM ENTERTAINMENT KFT.,234
23888,GEM ENTERTAINMENT KFT.,234
28527,GFM ANIMATION,235
28213,GFM ANIMATION,235
28176,GFM ANIMATION LIMITED,236
20693,GFM FILMS LLP,237
26368,GLADYS GLOVER,239
20265,GMM TV COMPANY LIMITED,240
24915,GMM TV COMPANY LIMITED,240
27736,GMM TV COMPANY LIMITED,240
16906,GOLDCREST FILMS INTERNATIONAL LIMITED,243
26690,GOLDEN SCENE COMPANY LIMITED,244
23385,GOLDEN SCENE COMPANY LIMITED,244
27002,GOLDEN SCENE COMPANY LIMITED,244
26804,GOODFELAS,247
24573,GOODFELLAS,248
27483,GOODFELLAS,248
29527,GOODFELLAS SAS,249
26242,GAGA CORPORATION,226
26351,GAUMONT,229
21355,GAUMONT,229
23957,GAUMONT S.A.,231
24095,GAUMONT S.A.,231
15271,GIRAFFE PICTURES PTE LTD.,238
5511,GOETHE-INSTITUT KOREA,241
26398,GOLD VIEW CO. LTD.,242
27506,GOLDEN SCENE COMPANY LIMITED,244
17126,GOLDEN SCENE COMPANY LIMITED,244
21626,GOOD MOVE MEDIA,245
19908,GOOD MOVE MEDIA,245
20952,GOOD VIBE MEDIA,246
20714,GOOD VIBE MEDIA,246
25993,GRAVITAS VENTURES LLC,250
21758,GREAT POINT MEDIA LIMITED,251
26606,GREEN LIGHT LCC.,252
22350,GREEN LIGHT LLC.,253
27735,H264,254
27647,H264,254
26630,HAKUHODO DY MUSIC,255
26741,HAKUHODO DY MUSIC,255
14480,HANWAY FILMS LIMITED,256
22611,HANWAY FILMS LIMITED,256
19272,HANWAY FILMS LIMITED,256
19092,HANWAY FILMS LIMITED,256
16474,HANWAY FILMS LIMITED,256
21265,HANWAY FILMS LIMITED,256
20445,HANWAY FILMS LIMITED,256
22407,HANWAY FILMS LIMITED,256
2858,HANWAY FILMS LIMITED,256
17878,HANWAY FILMS LIMITED,256
14021,HANWAY FILMS LIMITED,256
16101,HANWAY FILMS LIMITED,256
24703,HANWAY FILMS LIMITED,256
26881,HANWAY FILMS LIMITED,256
28493,HI-AX LLP,264
19269,HIVE FILMWORKS INC.,266
25168,HOUSE OF FILM,270
26368,HOUSE ON FIRE,272
16189,HX INVESTMENT (HK) LIMITED,273
24496,HYPNOTIC FILM HOLDINGS LLC,274
27379,HAKUHODO DY MUSIC,255
21780,HAKUHODO DY MUSIC,255
29237,HAKUHODO DY MUSIC,255
17129,HAKUHODO DY MUSIC,255
28099,HAKUHODO DY MUSIC,255
27966,HAKUHODO DY MUSIC,255
19000,HAKUHODO DY MUSIC,255
27029,HAKUHODO DY MUSIC,255
27445,HAKUHODO DY MUSIC,255
27648,HAKUHODO DY MUSIC,255
21350,HAKUHODO DY MUSIC,255
15965,HANWAY FILMS LIMITED,256
20290,HANWAY FILMS LIMITED,256
24734,HANWAY FILMS LIMITED,256
20292,HANWAY FILMS LIMITED,256
26389,HANWAY FILMS LIMITED,256
20293,HANWAY FILMS LIMITED,256
18530,HANWAY FILMS LIMITED,256
26345,HANWAY FILMS LIMITED,256
20291,HANWAY FILMS LIMITED,256
26882,HANWAY FILMS LIMITED,256
24876,HAPPINET PHANTOAL STUDIOS,257
29441,HAPPINET PHANTOM STUDIOS CORPORATION,258
26751,HAPPINET PHANTOM STUDIOS CORPORATION,258
27666,HAPPINET PHANTOM STUDIOS CORPORATION,258
22421,HAPPINET PHANTOM STUDIOS CORPORATION,258
27873,HARINE FILMS,259
24728,HARVEST FILM,260
20515,HAVEN PRODUCTIONS LTD.,261
23437,HEDVA GOLDSCHMIDT - GO2FILMS,262
19920,HERETIC,263
25588,HIVE FILMWOKERS INC.,265
28280,HOLLYWOOD (THAILAND) CO. LTD.,268
26631,HOLLYWOOD(THAILAND)CO. LTD,269
27949,HOUSE OF FILM LLC,271
24716,ILLUMINATIONS TELEVISION LTD.,276
21039,IMAX CORPORATION,277
21041,IMAX CORPORATION.,278
21037,IMAX CORPORATION.,278
23288,IMAX CORPORATION.,278
21040,IMAX CORPORATION.,278
21038,IMAX CORPORATION.,278
23287,IMAX FILM HOLDING CO.,279
21036,IMAX FILM HOLDING CO.,279
21035,IMAX FILM HOLDING CO.,279
19093,INDIE SALES COMPANY,281
28526,INDIE SALES COMPANY,281
27416,INDIE SALES COMPANY,281
26692,INDIE SALES COMPANY,281
26967,INDIE SALES COMPANY,281
22754,INDIESTORY INC,282
26509,INOLMEDIA,284
20994,INOLMEDIA CO. LTD,285
23366,INTERCONMEDIA INTERNATIONAL CO. LTD.,286
25167,"INTERCONMEDIA INTERNATIONAL CO., LTD.",287
21536,INTRAMOVIES,288
18824,ICE ROAD PRODUCTIONS LLC,275
26038,INDEPENDENT ENTERTAINMENT,280
20801,INDIESTORY INC.,283
29249,INOLMEDIA,284
27435,IPPO INC.,289
23354,IRANIAN INDEPENDENTS,290
23041,ITAMI PRODUCTIONS CO. LTD.,291
23040,ITAMI PRODUCTIONS CO. LTD.,291
24994,"ITAMI PRODUCTIONS CO., LTD.",292
24993,"ITAMI PRODUCTIONS CO., LTD.",292
24991,"ITAMI PRODUCTIONS CO., LTD.",292
24996,"ITAMI PRODUCTIONS CO., LTD.",292
24995,"ITAMI PRODUCTIONS CO., LTD.",292
24992,"ITAMI PRODUCTIONS CO., LTD.",292
25099,"ITAMI PRODUCTIONS CO., LTD.",292
25100,"ITAMI PRODUCTIONS CO., LTD.",292
19787,J STORM,293
20779,JAPAN HOME VIDEO INC.,294
12431,JAVA FILMS,295
26647,JOINT VENTURE NOT FRIENDS,299
24094,JOYLAND LLC.,300
26751,JR EAST MARKETING,301
26140,JW SAB,302
21732,JET TONE FILMS LIMITED,296
20716,JET TONE FILMS LIMITED,296
18149,JET TONE PRODUCTIONS LTD.,297
23576,JOINT VENTURE DESTINY THE MOVIE,298
28479,K- MOVIE ENTERTAINMENT,303
20110,K-MOVIE ENTERTAINMENT,304
20983,KADOKAWA,305
19264,KADOKAWA CORPORATION,306
22228,KADOKAWA CORPORATION,306
24118,KADOKAWA CORPORATION,306
26845,KADOKAWA CORPORATION,306
24212,KADOKAWA CORPORATION,306
24514,KADOKAWA CORPORATION,306
23249,KADOKAWA CORPORATION,306
24087,KADOKAWA CORPORATION,306
6308,KADOKAWA CORPORATION,306
21441,KADOKAWA CORPORATION,306
20101,KADOKAWA CORPORATION,306
26553,KADOKAWA CORPORATION,306
29483,KADOKAWA CORPORATION,306
29097,KADOKAWA CORPORATION,306
19920,KARNAVAS-KONTOVRAKIS KAI SIA OE,308
26751,KDDI CORPORATION,309
23115,KING RECORD CO. LTD.,311
23473,KING RECORD CO. LTD.,311
26843,KING RECORD CO. LTD.,311
20699,KING RECORD CO. LTD.,311
13292,KING RECORD COMPANY LIMITED,312
26578,KING RECORD COMPANY LIMITED,312
29763,KINO FILMS CO. LTD.,314
29514,KINO FILMS CO. LTD,313
24253,KINO SWIAT,315
27643,KINOLOGY,316
26257,KINOLOGY,316
22349,KINOLOGY,316
29189,KINOLOGY.,317
28501,KINOLOGY.,317
28777,KINOSHITA GROUP CO. LTD,318
25039,KINOSHITA GROUP CO. LTD.,319
25992,KINOSHITA GROUP CO. LTD.,319
23603,KINOSHITA GROUP CO. LTD.,319
29653,KODANSHA LTD.,320
18794,KT HITEL CO. LTD.,326
18813,KT HITEL CO. LTD.,326
26751,KANSAI TELEVISION CO. LTD.,307
20314,KICK THE MACHINE FILMS,310
21388,KINOLOGY,316
20300,KINOLOGY,316
25445,KOWAINTERNATIONALCO. LTD.,321
25650,KOWAINTERNATIONALCO. LTD.,321
25651,KOWAINTERNATIONALCO. LTD.,321
28638,KT ALPHA CO LTD,322
25323,LATIDO CONSORCIO DE EXPORTACION DEL CINE ESPANOL SL,328
28045,LATIDO CONSORCIO DE EXPORTACION DEL CINE ESPANOL SL,328
21824,LE PACTE,329
28503,LE PACTE,329
25352,LE PACTE,329
23712,LE PETIT BUREAU S.A.S,330
22756,LES FILMS DE LA PLEIADE,332
21664,LES FILMS DU LOSANGE,333
29620,LES FILMS DU LOSANGE,333
23375,LES FILMS DU LOSANGE,333
25461,LES FILMS DU LOSANGE,333
20925,LIONS GATE INTERNATIONAL (UK) LIMITED,338
23426,LIONS GATE INTERNATIONAL (UK) LIMITED,338
26092,LOCO FILMS,339
21888,LOCO FILMS,339
23221,LOCO FILMS,339
20673,LUNAR FILMS PTY LIMITED,343
20672,LUNAR FILMS PTY LIMITED,343
26794,LUXBOX,345
21866,LUXBOX SAS,346
29372,LUXBOX SAS,346
29652,LUXBOX SAS,346
27551,LATIDO C. E. C. E.,327
23392,LE PACTE,329
18306,LEMMING FILM,331
21399,LES GRANDS FILMS CLASSIQUES,334
26803,LEVELK APS,335
23154,LEVELK APS,335
26387,LEVELK APS,335
21380,LEVELK APS,335
21706,LEVELK APS,335
26691,LIGHTCRAFT ENTERTAINMENT SP. Z O.O.,336
27446,LIONS GATE INTERNATIONAL (UK) LIMITED,338
28384,LOTTE CULTUREWORKS CO. LTD.,340
23487,LOTUS PRODUCTION SRL,341
23838,LUMINESCENCE KFT.,342
23704,LUMINESCENCE KFT.,342
25040,LUMINESCENCE KFT.,342
25344,LUMINESCENCE KFT.,342
24880,LUMINESCENCE KFT.,342
28177,LUMINESCENCE KFT.,342
19991,LUNAR FILMS PTY. LIMITED,344
24088,LUXBOX SAS,346
8031,M CORPORATION,347
28301,M DISTRIBUTION CO. LTD.,348
23199,M LINE DISTRIBUTION,349
27108,M PICTURES CO. LTD.,350
26126,M PICTURES COMPANY LIMITED,351
24309,M PICTURES COMPANY LIMITED,351
23085,M PICTURES COMPANY LIMITED,351
3142,M PICTURES COMPANY LIMITED.,352
26543,M PICTURES CO. LTD.,350
21236,M- APPEAL,353
20661,M-LINE DISTRIBUTION,357
25425,M-LINE DISTRIBUTION,357
25413,"MA STUDIOS LTD,文化內容策進院,財團法人台北市文化基金會台北市電影委員會",358
29157,MAD SOLUTIONS,359
16420,MADHOUSE INC.,360
18792,MAGIC FAIR LLC.,361
20193,MAGNETFILM GMBH.,362
19372,MAKARAMPA S.R.L.,366
21709,MANKIND CINEMAS,369
20289,MEDIAPRODUCCION S.L.U.,376
25985,MEDIAWAN RIGHTS,377
26247,MEDIAWAN RIGHTS,377
20632,MEMENTO FILMS INTERNATIONAL,380
22404,MEMENTO INTERNATIONAL,381
23933,MEMENTO INTERNATIONAL,381
23565,MEMENTO INTERNATIONAL,381
26508,MILLENNIUM MEDIA INC.,382
17499,MILLENNIUM MEDIA INC.,382
25428,MILLENNIUM MEDIA INC.,382
18816,"MILLENNIUM MEDIA,INC.",383
20365,MK2,385
938,MK2,385
2814,MK2 - SOCIÉTÉ PAR ACTIONS SIMPLIFIÉE,386
2813,MK2 - SOCIÉTÉ PAR ACTIONS SIMPLIFIÉE,386
2815,MK2 - SOCIÉTÉ PAR ACTIONS SIMPLIFIÉE,386
26932,MK2 FILMS,387
20758,MK2 FILMS,387
23187,MK2 FILMS,387
23516,MK2 FILMS,387
20728,MK2 FILMS,387
23754,MK2 FILMS,387
27156,MK2 FILMS,387
21021,MK2 FILMS,387
20457,MK2 FILMS,387
23493,MK2 FILMS,387
23792,MK2 FILMS,387
20804,MK2 FILMS,387
21032,MK2 FILMS,387
21659,MK2 FILMS,387
27014,MK2 FILMS,387
20943,MK2 FIMLS,388
20136,MK2 FILMS,387
10963,MK2 FILMS,387
21863,MK2 FILMS,387
22356,MK2 FILMS,387
20169,MK2 FILMS,387
21311,MK2 FILMS,387
18751,MK2 FILMS,387
27463,MK2 FILMS,387
15103,MK2 FILMS,387
24072,MK2 FILMS,387
26686,MK2 FILMS,387
23897,MK2 FILMS,387
2224,MK2-SOCIÉTÉ PAR ACTIONS SIMPLIFIÉE,389
18814,MK2–SOCIÉTÉ PAR ACTIONS SIMPLIFIÉE,390
18848,MK2–SOCIÉTÉ PAR ACTIONS SIMPLIFIÉE,390
18815,MK2–SOCIÉTÉ PAR ACTIONS SIMPLIFIÉE,390
18898,MK2–SOCIÉTÉ PAR ACTIONS SIMPLIFIÉE,390
28219,MM2 ENTERTAINMENT,392
24786,"MM2 ENTERTAINMENT,J TEAM PRODUCTIONS,BEYOND CONSULTANCY PTE LTD,EUROAUTOMOBILE,GINKO AGT ALPHA FUND,JOHAN PTE LTD,STARNGAGA PTE LTD,新樂傳媒 VIZPRO MEDIA INTERNATIONAL,WHOLETEAM LIMITED",394
26033,MM2 STUDIOS HONG KONG LTD,396
23965,MM2 STUDIOS HONG KONG LIMITED,395
27046,MONOLITH FILMS LTD.,398
22959,MOTION PICTURE EXCHANGE LLC,400
23785,MPM PREMIUM,401
26731,MPM PREMIUM,401
28877,MUBI INC.,402
27495,MVP PICTURES (PT TRIPAR MULTIVISION PLUS TBK),404
26362,MAGNOLIA PICTURES,363
27001,MAGNOLIA PICTURES LLC,364
28829,MAGNOLIA PICTURES LLC,364
23948,MAINICHI BROADCASTING SYSTEM INC.,365
25728,MAKERVILLE COMPANY LIMITED,367
24731,"MAKERVILLE COMPANY LIMITED,NOBLE CASTLE ASIA LIMITED",368
25537,MARIA RITA TUCCIO,371
27641,MARVELOUS INC.,372
21790,MARVELOUS INC.,372
28378,MARVELOUS INC.,372
27501,MARVELOUS INC.,372
22408,MARVELOUS INC.,372
22167,MARVELOUS INC.,372
24096,MARVELOUS LNC.,373
21381,MASAKAZU KANEKO,374
22113,MEGABOXJOONGANG INC,378
25244,MEGATON ENTERTAINMENT,379
24840,MEMENTO FILMS INTERNATIONAL,380
22738,MEMENTO INTERNATIONAL,381
23352,MEMENTO INTERNATIONAL,381
29466,MISE EN SCENE FILM PRODUCTION LTD,384
27784,MONO STREAMING COMPANY LIMITED,397
23508,MORE IN GROUP INC.,399
21214,MUNCHEN,403
24717,NAXOS RIGHTS（EUROPE）LTD,409
27438,NBC FILM,410
28647,NERAMITNUNGFILM CO. LTD.,413
20336,NEW DOCS E.K.,414
28564,NHK ENTERPRISES INC,417
25313,NIKKATSU CORPORATION,418
25761,NIKKATSU CORPORATION,418
23492,NIKKATSU CORPORATION,418
20919,NIKKATSU CORPORATION,418
22532,NIKKATSU CORPORATION,418
21315,NIKKATSU CORPORATION,418
24418,NIKKATSU CORPORATION,418
24310,NIKKATSU CORPORATION,418
20609,NIKKATSU CORPORATION,418
24999,NIKKATSU CORPORATION,418
24200,NIKKATSU CORPORATION,418
24755,NIKKATSU CORPORATION,418
23224,NIKKATSU CORPORATION,418
23663,NIKKATSU CORPORATION,418
28552,NIKKATSU CORPORATION,418
24468,NIPPON TELEVISION NETWORK CORPORATION,419
22431,NIPPON TELEVISION NETWORK CORPORATION,419
23192,NIPPON TELEVISION NETWORK CORPORATION,419
28207,NORLING STUDIOS,421
22307,NWAVE PICTURES,422
29618,NAGISA OSHIMA PRODUCTIONS LTD,405
24060,NAGOYA BROADCASTING NETWORK,406
23235,NAGOYA BROADCASTING NETWORK CO. LTD.,407
22802,NAGOYA BROADCASTING NETWORK CO. LTD.,407
28098,NAGOYA BROADCASTING NETWORK CO. LTD.,407
28655,NAGOYA BROADCASTING NETWORK CO. LTD.,407
20295,NAGOYA BROADCASTING NETWORK CO. LTD.,407
19811,NATIONAL FILM AND SOUND ARCHIVE OF AUSTRALIA,408
18228,NEOPA INC,411
18231,NEOPA INC,411
22110,NERAMITNUNG FILM CO. LTD.,412
24867,NEW EUROPE FILM SALES,415
27944,NEW EUROPE FILM SALES SP. ZO.O.,416
22512,NIKKATSU CORPORATION,418
22244,NIKKATSU CORPORATION,418
22533,NIKKATSU CORPORATION,418
22797,NIKKATSU CORPORATION,418
28894,NIPPON TELEVISION NETWORK CORPORATION,419
21058,NIPPON TELEVISION NETWORK CORPORATION,419
26580,NIPPON TELEVISION NETWORK CORPORATION,419
28302,NOONTALK MEDIA LTD(午言媒體),420
23828,OLIWOOD MEDIA LTD,425
20454,ORANGE STUDIO,428
20903,ORANGE STUDIO,428
25118,ORANGE STUDIO,428
25042,ORANGE STUDIO,428
23666,ORANGE STUDIO,428
23546,ORANGE STUDIO S.A,429
23519,ORLY FILMS,431
14475,OSHIMA PRODUCTIONS LTD,432
23285,OTHER ANGLE PICTURES,433
3350,OTHER ANGLE PICTURES,433
28302,OAK3 FILMS PTE. LTD(松山電影),423
22270,ODIN'S EYE ANIMATION PTY LTD,424
26208,ONE TREE PRODUCTIONS PTY LTD,426
26780,OP-DOCS | THE NEW YORK TIMES,427
20406,ORANGE STUDIO,428
23345,ORISA PRODUZIONI SRL,430
20862,OTHER ANGLE PICTURES,433
22740,OTHER ANGLE PICTURES,433
28270,PANCINEMA,434
23519,PARADIS FILMS,435
21732,PARADIS FILMS,435
23736,PARAMOUNT PICTURES CORPORATION,436
20820,PARAMOUNT PICTURES CORPORATION,436
18983,PARAMOUNT PICTURES CORPORATION,436
21117,PARAMOUNT PICTURES CORPORATION,436
22373,PARAMOUNT PICTURES CORPORATION,436
20748,PARAMOUNT PICTURES CORPORATION,436
24868,PARAMOUNT PICTURES CORPORATION,436
24532,PARAMOUNT PICTURES CORPORATION,436
23794,PARAMOUNT PICTURES CORPORATION,436
25061,PARAMOUNT PICTURES CORPORATION,436
29206,PARAMOUNT PICTURES CORPORATION,436
20240,PARAMOUNT PICTURES CORPORATION,436
27870,PARAMOUNT PICTURES CORPORATION,436
23517,PARAMOUNT PICTURES CORPORATION,436
26796,PARAMOUNT PICTURES CORPORATION,436
28393,PARAMOUNT PICTURES CORPORATION,436
22195,PARAMOUNT PICTURES CORPORATION,436
19919,PARAMOUNT PICTURES CORPORATION,436
29633,PARAMOUNT PICTURES CORPORATION,436
22328,PARAMOUNT PICTURES CORPORATION,436
25816,PARAMOUNT PICTURES CORPORATION,436
25460,PARAMOUNT PICTURES CORPORATION,436
27387,PARAMOUNT PICTURES CORPORATION,436
28892,PARAMOUNT PICTURES CORPORATION,436
20384,PARK CIRCUS LIMITED,439
14586,PARK CIRCUS LIMITED,439
23320,PARKLAND PICTURES LIMITED,440
27229,PATHE FILMS,442
15218,PATHE FILMS S.A.S,443
18169,PATHE FILMS S.A.S,443
23546,PATHE FILMS S.A.S,443
28776,PATHE FILMS S.A.S.,444
22243,PATHE FILMS S.A.S.,444
26624,PATHE FUND LIMITED,445
23927,PETRA FILMS PTE LTD,446
18291,PICTURE TREE INTERNATIONAL GMBH,448
29656,PLAYGRAM CO. LTD.,451
29593,PLAYTIME,452
26314,PLAYTIME,452
22894,PONY CANYON,455
19242,PONY CANYON INC.,456
22511,PONY CANYON INC.,456
24317,PONY CANYON INC.,456
29517,PONY CANYON INC.,456
26193,PONY CANYON INC.,456
23416,PONY CANYON INC.,456
23222,PONY CANYON INC.,456
22380,PONY CANYON INC.,456
19766,PONY CANYON INC.,456
18705,PONY CANYON INC.,456
23264,PONY CANYON INC.,456
23262,PONY CANYON INC.,456
14034,PONY CANYON INC.,456
20824,PONY CANYON INC.,456
29516,PONY CANYON INC.,456
28532,PONY CANYON INC.,456
28504,PONY CANYON INC.,456
27120,PONYCANYON USA INC.,458
27437,PREMIERE ENTERTAINMENT GROUP LLC,460
28783,PREMIERE ENTERTAINMENT GROUP LLC,460
28828,PREMIERE ENTERTAINMENT GROUP LLC,460
23665,PREMIERE ENTERTAINMENT GROUP LLC,460
18620,PRENOM H. CO. LTD.,461
18040,PROTAGONIST PICTURES LIMITED,463
20683,PROTAGONIST PICTURES LIMITED,463
26150,PT MD PICTURES TBK.,464
27235,PT VISINEMA PICTURES,465
27997,PT. MULTI UTAMA MEDIA,466
26431,PT.KHARISMA STARVISION PLUS,467
23859,PULSAR CONTENT SAS,468
14845,PYRAMIDE INTERNATIOANL,469
25763,PYRAMIDE INTERNATIONAL,470
26941,PYRAMIDE INTERNATIONAL,470
23827,PYRAMIDE INTERNATIONAL,470
20395,PYRAMIDE INTERNATIONAL,470
25175,PARK CIRCUS,437
26361,PARK CIRCUS GROUP,438
29619,PARK CIRCUS LIMITED,439
22755,PARK CIRCUS LIMITED,439
17581,PARK CIRCUS LIMITED,439
22758,PARK CIRCUS LIMITED,439
23727,PIANO B PROSUZIONI S.R.L.,447
27821,PICTURE TREE INTERNATIONAL GMBH,448
25163,PICTURE TREE INTERNATIONAL GMBH,448
26957,PLAYTIME,452
20364,PLAYTIME,452
19204,PLAYTIME,452
21660,PLAYTIME,452
20928,PLAYTIME,452
25246,PLAYTIME,452
17412,PLAYTIME,452
19922,PLUTO FILM DISTRIBUTION NETWORK GMBH,454
25176,PONYCANYON,457
25241,PONYCANYON,457
27873,POTOCOL PTE. LTD.,459
27550,PRODUCCIONES LA TIORBA,462
28310,PYRAMIDE INTERNATIONAL,470
25360,PYRAMIDE INTERNATIONAL,470
25423,PYRAMIDE INTERNATIONAL,470
29702,PYRAMIDE INTERNATIONAL,470
21386,RAKUTEN GROUP INC,472
28214,RAVEN BANNER ENTERTAINMENT INC.,473
23364,REDIANCE,474
25086,RELAY MOTION KFT.,478
24881,RELAY MOTION KFT.,478
24073,RELAY MOTION KFT.,478
24841,RELAY MOTION KFT.,478
26324,RELAY MOTION KFT.,478
25729,RELAY MOTION KFT.,478
25801,RELAY MOTION KFT.,478
23892,RELAY MOTION KFT.,478
24661,RELAY MOTION KFT.,478
21945,RELAY MOTION KFT.,478
26377,RELAY MOTION KFT.,478
28455,RELAY MOTION KFT.,478
28654,RELAY MOTION KFT.,478
28534,RELAY MOTION KFT.,478
27447,RELAY MOTION KFT.,478
27810,RELAY MOTION KFT.,478
28738,RELAY MOTION KFT.,478
28782,RELAY MOTION KFT.,478
28839,RELAY MOTION KFT.,478
27623,RELAY MOTION KFT.,478
29513,RELAY MOTION KFT.,478
28403,RELAY MOTION KFT.,478
28198,RELAY MOTION KFT.,478
26625,RELAY MOTION KFT.,478
27155,RELAY MOTION KFT.,478
26959,RELAY MOTION KFT.,478
26759,RELAY MOTION KFT.,478
27952,RELAY MOTION KFT.,478
27343,RELAY MOTION KFT.,478
26581,RELAY MOTION KFT.,478
26779,RELAY MOTION KFT.,478
18137,RELAY MOTION KFT.,478
28269,RELAY MOTION KFT.,478
26990,RELAY MOTION KFT.,478
27372,RELAY MOTION KFT.,478
28569,RELAY MOTION KFT.,478
29718,RELAY MOTION KFT.,478
26926,RELAY MOTION KFT.,478
27836,RELAY MOTION KFT.,478
26805,RELAY MOTION KFT.,478
28878,RELAY MOTION KFT.,478
28165,RELAY MOTION KFT.,478
29757,RELAY MOTION KFT.,478
28964,RELAY MOTION KFT.,478
29736,RELAY MOTION KFT.,478
27028,RELAY MOTION KFT.,478
27327,RELAY MOTION KFT.,478
27382,RELAY MOTION KFT.,478
27151,RELAY MOTION KFT.,478
27500,RELAY MOTION KFT.,478
26566,RELAY MOTION KFT.,478
28410,RELAY MOTION KFT.,478
24531,RELAY MOTION KFT.,478
28626,RELAY MOTION KFT.,478
27646,RELAY MOTION KFT.,478
27812,RELAY MOTION KFT.,478
29390,RELAY MOTION KFT.,478
28063,RELAY MOTION KFT.,478
29009,RELAY MOTION KFT.,478
27667,RELAY MOTION KFT.,478
29645,RELAY MOTION KFT.,478
26763,RELAY MOTION KFT.,478
28653,RELAY MOTION KFT.,478
27547,RELAY MOTION KFT.,478
26760,RELAY MOTION KFT.,478
27932,RELAY MOTION KFT.,478
29525,RELAY MOTION KFT.,478
27811,RELAY MOTION KFT.,478
24260,RELAY MOTION KFT.,478
27768,RELAY MOTION KFT.,478
27070,RELAY MOTION KFT.,478
28349,RELAY MOTION KFT.,478
28010,RELAY MOTION KFT.,478
28784,RELAY MOTION KFT.,478
27237,RELAY MOTION KFT.,478
19169,RELAY MOTION KFT.,478
26856,RELAY MOTION KFT.,478
24754,RELAY MOTION KFT.,478
26352,RELAY MOTION KFT.,478
24432,RELAY MOTION KFT.,478
23123,RELAY MOTION KFT.,478
23312,RELAY MOTION KFT.,478
24834,RELAY MOTION KFT.,478
28477,RELAY MOTION KFT.,478
23145,RELAY MOTION KFT.,478
24789,RELAY MOTION KFT.,478
26454,RELAY MOTION KFT.,478
25072,RELAY MOTION KFT.,478
25245,RELAY MOTION KFT.,478
24033,RELAY MOTION KFT.,478
24308,RELAY MOTION KFT.,478
25815,RELAY MOTION KFT.,478
25105,RELAY MOTION KFT.,478
25324,RELAY MOTION KFT.,478
24914,RELAY MOTION KFT.,478
16264,RELAY MOTION KFT.,478
23956,RELAY MOTION KFT.,478
24050,RELAY MOTION KFT.,478
26817,RELAY MOTION KFT.,478
27053,RELAY MOTION KFT.,478
26696,RELAY MOTION KFT.,478
26618,RELAY MOTION KFT.,478
26911,RELAY MOTION KFT.,478
27417,RELAY MOTION KFT.,478
28086,RELAY MOTION KFT.,478
28760,RELAY MOTION KFT.,478
26950,RELAY MOTION KFT.,478
26776,RELAY MOTION KFT.,478
26596,RELAY MOTION KFT.,478
27876,RELAY MOTION KFT.,478
28506,RELAY MOTION KFT.,478
27534,RELAY MOTION KFT.,478
19640,RELAY MOTION KFT.,478
28164,RELAY MOTION KFT.,478
29235,RELAY MOTION KFT.,478
29630,RELAY MOTION KFT.,478
29501,RELAY MOTION KFT.,478
26661,RELAY MOTION KFT.,478
29470,RELAY MOTION KFT.,478
27222,RELAY MOTION KFT.,478
29406,RELAY MOTION KFT.,478
27933,RELAY MOTION KFT.,478
27606,RELAY MOTION KFT.,478
29715,RELAY MOTION KFT.,478
29439,RELAY MOTION KFT.,478
27722,RELAY MOTION KFT.,478
28929,RELAY MOTION KFT.,478
26562,RELAY MOTION KFT.,478
23415,RELAY MOTION KFT.,478
29096,RELAY MOTION KFT.,478
25772,RELAY MOTION KFT.,478
25710,RELAY MOTION KFT.,478
24206,RELAY MOTION KFT.,478
26353,RELAY MOTION KFT.,478
25494,RELAY MOTION KFT.,478
23486,RELAY MOTION KFT.,478
26260,RELAY MOTION KFT.,478
23383,RELAY MOTION KFT.,478
25322,RELAY MOTION KFT.,478
25024,RELAY MOTION KFT.,478
25638,RELAY MOTION KFT.,478
26026,RELAY MOTION KFT.,478
25736,RELAY MOTION KFT.,478
26381,RELAY MOTION KFT.,478
23216,RELAY MOTION KFT.,478
23796,RELAY MOTION KFT.,478
26219,RELAY MOTION KFT.,478
23960,RELAY MOTION KFT.,478
25407,RELAY MOTION KFT.,478
21823,RELAY MOTION KFT.,478
20335,RELAY MOTION KFT.,478
23362,RELAY MOTION KFT.,478
20402,RELAY MOTION KFT.,478
22653,RELAY MOTION KFT.,478
22221,RELAY MOTION KFT.,478
22628,RELAY MOTION KFT.,478
21164,RELAY MOTION KFT.,478
20778,RELAY MOTION KFT.,478
22648,RELAY MOTION KFT.,478
20460,RELAY MOTION KFT.,478
24037,RELAY MOTION KFT.,478
21436,RELAY MOTION KFT.,478
23856,RELAY MOTION KFT.,478
23586,RELAY MOTION KFT.,478
21736,RELAY MOTION KFT.,478
21615,RELAY MOTION KFT.,478
21222,RELAY MOTION KFT.,478
21858,RELAY MOTION KFT.,478
22473,RELAY MOTION KFT.,478
21763,RELAY MOTION KFT.,478
20398,RELAY MOTION KFT.,478
22925,RELAY MOTION KFT.,478
23015,RELAY MOTION KFT.,478
24733,RELAY MOTION KFT.,478
26441,RELAY MOTION KFT.,478
22004,RELAY MOTION KFT.,478
24551,RELAY MOTION KFT.,478
23721,RELAY MOTION KFT.,478
23248,RELAY MOTION KFT.,478
24351,RELAY MOTION KFT.,478
25535,RELAY MOTION KFT.,478
25592,RELAY MOTION KFT.,478
24312,RELAY MOTION KFT.,478
24492,RELAY MOTION KFT.,478
23645,RELAY MOTION KFT.,478
25318,RELAY MOTION KFT.,478
25361,RELAY MOTION KFT.,478
8074,RELAY MOTION KFT.,478
26496,RELAY MOTION KFT.,478
16076,RELAY MOTION KFT.,478
25212,RELAY MOTION KFT.,478
23507,RELAY MOTION KFT.,478
23547,RELAY MOTION KFT.,478
25829,RELAY MOTION KFT.,478
23289,RELAY MOTION KFT.,478
25311,RELAY MOTION KFT.,478
26405,RELAY MOTION KFT.,478
19852,RELAY MOTION KFT.,478
18774,RELAY MOTION KFT.,478
21237,RELAY MOTION KFT.,478
20762,RELAY MOTION KFT.,478
21065,RELAY MOTION KFT.,478
22230,RELAY MOTION KFT.,478
23286,RELAY MOTION KFT.,478
20211,RELAY MOTION KFT.,478
20861,RELAY MOTION KFT.,478
21973,RELAY MOTION KFT.,478
23148,RELAY MOTION KFT.,478
20561,RELAY MOTION KFT.,478
21838,RELAY MOTION KFT.,478
21802,RELAY MOTION KFT.,478
23338,RELAY MOTION KFT.,478
20963,RELAY MOTION KFT.,478
21862,RELAY MOTION KFT.,478
19952,RELAY MOTION KFT.,478
21514,RELAY MOTION KFT.,478
20530,RELAY MOTION KFT.,478
20736,RELAY MOTION KFT.,478
20568,RELAY MOTION KFT.,478
20692,RELAY MOTION KFT.,478
20192,RELAY MOTION KFT.,478
19318,RELAY MOTION KFT.,478
22714,RELAY MOTION KFT.,478
19921,RELAY MOTION KFT.,478
20217,RELAY MOTION KFT.,478
20560,RELAY MOTION KFT.,478
20715,RELAY MOTION KFT.,478
22005,RELAY MOTION KFT.,478
20472,RELAY MOTION KFT.,478
21589,RELAY MOTION KFT.,478
23615,RELAY MOTION KFT.,478
26045,RELAY MOTION KFT.,478
25160,RELAY MOTION KFT.,478
24714,RELAY MOTION KFT.,478
26037,RELAY MOTION KFT.,478
25092,RELAY MOTION KFT.,478
24516,RELAY MOTION KFT.,478
20809,RELAY MOTION KFT.,478
21389,RELAY MOTION KFT.,478
22260,RELAY MOTION KFT.,478
21869,RELAY MOTION KFT.,478
22337,RELAY MOTION KFT.,478
20294,RELAY MOTION KFT.,478
19783,RELAY MOTION KFT.,478
24106,RELAY MOTION KFT.,478
22397,RELAY MOTION KFT.,478
22308,RELAY MOTION KFT.,478
22679,RELAY MOTION KFT.,478
21033,RELAY MOTION KFT.,478
23218,RELAY MOTION KFT.,478
23186,RELAY MOTION KFT.,478
22902,RELAY MOTION KFT.,478
18812,RELAY MOTION KFT.,478
21393,RELAY MOTION KFT.,478
20125,RELAY MOTION KFT.,478
23128,RELAY MOTION KFT.,478
22474,RELAY MOTION KFT.,478
22801,RELAY MOTION KFT.,478
20554,RELAY MOTION KFT.,478
21707,RELAY MOTION KFT.,478
20356,RELAY MOTION KFT.,478
23147,RELAY MOTION KFT.,478
20930,RELAY MOTION KFT.,478
25188,RELAY MOTION KFT.,478
24286,RELAY MOTION KFT.,478
24090,RELAY MOTION KFT.,478
25178,RELAY MOTION KFT.,478
25933,RELAY MOTION KFT.,478
23713,RELAY MOTION KFT.,478
23711,RELAY MOTION KFT.,478
24062,RELAY MOTION KFT.,478
25800,RELAY MOTION KFT.,478
24870,RELAY MOTION KFT.,478
23651,RELAY MOTION KFT.,478
26192,RELAY MOTION KFT.,478
26267,RELAY MOTION KFT.,478
24970,RELAY MOTION KFT.,478
26305,RELAY MOTION KFT.,478
25340,RELAY MOTION KFT.,478
25536,RELAY MOTION KFT.,478
25044,RELAY MOTION KFT.,478
23894,RELAY MOTION KFT.,478
24637,RELAY MOTION KFT.,478
23771,RELAY MOTION KFT.,478
26218,RELAY MOTION KFT.,478
23564,RELAY MOTION KFT.,478
24940,RELAY MOTION KFT.,478
25141,RELAY MOTION KFT.,478
26278,RELAY MOTION KFT.,478
22241,RELAY MOTION KFT.,478
23661,RELAY MOTION KFT.,478
23590,RELAY MOTION KFT.,478
24414,RELAY MOTION KFT.,478
25893,RELAY MOTION KFT.,478
26513,RELAY MOTION KFT.,478
23614,RELAY MOTION KFT.,478
27492,RESERVOIR DOCS,480
20414,REINVENT STUDIOS INTERNATIONAL SALES,477
26960,RIGHTS CUBE INC.,481
24109,RIGHTS CUBE INC.,481
26730,RAI CINEMA CHANNEL,471
24061,REEL SUSPECTS,475
23488,REEL SUSPECTS,475
28639,REEL SUSPECTS S.A.R.L.,476
24913,ROCKWELL EYES INC.,483
20374,ROCKWELL EYES INC.,483
18319,ROCKWELL EYES INC.,483
23342,ROYAL NATIONAL THEATRE,484
21268,ROYAL NATIONAL THEATRE,484
21515,ROYAL NATIONAL THEATRE,484
21312,ROYAL NATIONAL THEATRE,484
21740,S-MEDIA.TV S.R.O.,485
21352,S.L.,487
20596,S.L.,487
23560,S.L.,487
19857,S.L.,487
27770,S.L.U.,488
24051,S.L.U.,488
19205,S.L.U.,488
26584,SAS JONAS FILMS,492
26382,SBS DISTRIBUTION,494
21941,SDP INC.,497
25243,SDP INC.,497
25131,SEDIC INTERNATIONAL INC.,498
29052,SEDIC INTERNATIONAL INC.,498
15757,SHAKESPEARE'S GLOBE TRUST,500
29669,SHIN-EI ANIMATION CO. LTD.,501
24089,SHOCHIKU CO. LTD,502
6711,SHOCHIKU CO. LTD.,503
20675,SHOCHIKU CO. LTD,502
27665,SHOCHIKU CO. LTD.,503
20749,SHOWBOX CORP.,506
27769,SKYLINE MEDIA CO. LTD.,510
26266,SOCIETE NOUVELLE DE DISTRIBUTION,511
28069,SOCIETE NOUVELLE DE DISTRIBUTION,511
23550,SOCIETE NOUVELLE DE DISTRIBUTION,511
22525,SOCIETE PARISIENNE DE PRODUCTION SARL,512
29598,SOCIETE PARISIENNE DE PRODUCTION SARL,512
26127,SOCIÉTÉ PARISIENNE DE PRODUCTION SARL,513
16612,SOCIÉTÉ PARISIENNE DE PRODUCTION SARL,513
22116,SONY PICTURES RELEASING INTERNATIONAL CORPORATION.,519
19984,SONY PICTURES RELEASING INTERNATIONAL CORPORATION.,519
26738,SONY PICTURES RELEASING INTERNATIONAL CORPORATION.,519
24998,SONY PICTURES RELEASING INTERNATIONAL CORPORATION.,519
25279,SONY PICTURES RELEASING INTERNATIONAL CORPORATION.,519
24097,SONY PICTURES RELEASING INTERNATIONAL CORPORATION.,519
29584,SONY PICTURES RELEASING INTERNATIONAL CORPORATION.,519
24499,SONY PICTURES RELEASING INTERNATIONAL CORPORATION.,519
26940,SONY PICTURES RELEASING INTERNATIONAL CORPORATION.,519
26565,SONY PICTURES RELEASING INTERNATIONAL CORPORATION.,519
20539,SONY PICTURES RELEASING INTERNATIONAL CORPORATION.,519
27809,SONY PICTURES RELEASING INTERNATIONAL CORPORATION.,519
21777,SONY PICTURES RELEASING INTERNATIONAL CORPORATION.,519
26075,SONY PICTURES RELEASING INTERNATIONAL CORPORATION.,519
22372,SONY PICTURES RELEASING INTERNATIONAL CORPORATION.,519
26210,SONY PICTURES RELEASING INTERNATIONAL CORPORATION.,519
24866,SONY PICTURES RELEASING INTERNATIONAL CORPORATION.,519
20786,SONY PICTURES RELEASING INTERNATIONAL CORPORATION.,519
25211,SONY PICTURES RELEASING INTERNATIONAL CORPORATION.,519
24857,SONY PICTURES RELEASING INTERNATIONAL CORPORATION.,519
21930,SONY PICTURES RELEASING INTERNATIONAL CORPORATION.,519
23629,SONY PICTURES RELEASING INTERNATIONAL CORPORATION.,519
21867,SONY PICTURES RELEASING INTERNATIONAL CORPORATION.,519
23321,SONY PICTURES RELEASING INTERNATIONAL CORPORATION.,519
22709,SONY PICTURES RELEASING INTERNATIONAL CORPORATION.,519
18958,SONY PICTURES RELEASING INTERNATIONAL CORPORATION.,519
7858,SONY PICTURES RELEASING INTERNATIONAL CORPORATION.,519
23855,SONY PICTURES RELEASING INTERNATIONAL CORPORATION.,519
27607,SONY PICTURES RELEASING INTERNATIONAL CORPORATION.,519
20189,SONY PICTURES RELEASING INTERNATIONAL CORPORATION.,519
18866,SONY PICTURES RELEASING INTERNATIONAL CORPORATION.,519
19955,SONY PICTURES RELEASING INTERNATIONAL CORPORATION.,519
22222,SONY PICTURES RELEASING INTERNATIONAL CORPORATION.,519
23399,SONY PICTURES RELEASING INTERNATIONAL CORPORATION.,519
22194,SONY PICTURES RELEASING INTERNATIONAL CORPORATION.,519
23014,SONY PICTURES RELEASING INTERNATIONAL CORPORATION.,519
22118,SONY PICTURES RELEASING INTERNATIONAL CORPORATION.,519
25493,SONY PICTURES RELEASING INTERNATIONAL CORPORATION.,519
27546,SONY PICTURES RELEASING INTERNATIONAL CORPORATION.,519
27877,SONY PICTURES RELEASING INTERNATIONAL CORPORATION.,519
28197,SONY PICTURES RELEASING INTERNATIONAL CORPORATION.,519
26927,SPO ENTERTAINMENT INC.,523
17498,SPO ENTERTAINMENT INC.,523
20170,SPO ENTERTAINMENT INC.,523
23188,STAR INDIA PRIVATE LIMITED,524
25630,STRANGER FILM SALES,525
9977,STUDIO GHIBLI INC.,527
23489,STUDIOCANAL,528
25186,STUDIOCANAL,528
23837,STUDIOCANAL,528
21019,STUDIOCANAL,528
24498,STUDIOCANAL,528
23825,STUDIOCANAL,528
27785,STUDIOCANAL,528
27786,STUDIOCANAL,528
25828,STUDIOCANAL,528
29764,STUDIOCANAL,528
27764,STUDIOCANAL,528
24107,STUDIOCANAL,528
25284,STUDIOCANAL,528
25070,STUDIOCANAL S.A.S.,530
25046,STUDIOCANAL S.A.S.,530
20486,STUDIOCANAL S.A.S.,530
25187,STUDIOCANAL S.A.S.,530
20803,STUDIOCANAL S.A.S.,530
24213,STUDIOCANAL S.A.S.,530
26216,STUDIOCANAL S.A.S.,530
24377,STUDIOCANAL S.A.S.,530
6630,STUDIOCANAL S.A.S.,530
24034,STUDIOCANAL S.A.S.,530
23787,STUDIOCANAL S.A.S.,530
26554,STUDIOCANAL S.A.S.,530
26669,STUDIOCANAL S.A.S.,530
23155,STX PRODUCTIONS LLC,532
20770,STX PRODUCTIONS LLC,532
19475,STX PRODUCTIONS LLC,532
20982,STX PRODUCTIONS LLC,532
28485,SAHAMONGKOLFILM INTERNATIONAL,490
29717,SAHAMONGKOLFILM INTERNATIONAL CO. LTD.,491
28279,SAHAMONGKOLFILM INTERNATIONAL CO. LTD.,491
21115,SAHAMONGKOLFILM INTERNATIONAL CO. LTD.,491
21066,SAHAMONGKOLFILM INTERNATIONAL CO. LTD.,491
20659,SCHILLER FILM GROUP INC.,495
28551,SCHILLER FILM GROUP LNC.,496
20201,SEVILLE INTERNATIONAL,499
23935,SHOCHIKU CO. LTD.,503
20047,SHOCHIKU CO. LTD,502
22197,SHOCHIKU CO. LTD,502
23341,SHOCHIKU CO. LTD.,503
20541,SHOCHIKU CO. LTD.,503
19061,SHOCHIKU CO. LTD.,503
19896,SHOCHIKU CO. LTD.,503
25079,"SHOCHIKU CO., LTD.",504
25041,"SHOCHIKU CO., LTD.",504
26426,SHOCHIKU. LTD.,505
23566,SIDEWAYS FILM LTD,507
24074,SKYLINE MEDIA CO. LTD,509
21789,SOCIÉTÉ PARISIENNE DE PRODUCTION SARL,513
29573,SONY MUSIC ENTERTAINMENT(JAPAN)INC.,514
26349,SONY PICTURES CLASSICS INC.,515
24781,SONY PICTURES ENTERTAINMENT INC.,516
26439,SONY PICTURES INTERNATIONAL PRODUCTIONS,517
27490,SONY PICTURES RELEASING,518
21123,SPECTRE PRODUCTIONS,520
24349,SPHERE FILM INTERNATIONAL INC.,521
24138,SPHERE FILMS INTERNATIONAL,522
22172,STUDIO 100 FILM GMBH,526
27833,STUDIO 100 FILM GMBH,526
28000,STUDIO 100 FILM GMBH,526
18924,STUDIO 100 FILM GMBH,526
20610,STUDIO GHIBLI INC.,527
22878,STUDIO GHIBLI INC.,527
23783,STUDIO GHIBLI INC.,527
26514,STUDIO GHIBLI INC.,527
25730,STUDIO GHIBLI INC.,527
20936,STUDIO GHIBLI INC.,527
20823,STUDIO GHIBLI INC.,527
20653,STUDIO GHIBLI INC.,527
26448,STUDIO GHIBLI INC.,527
26492,STUDIO GHIBLI INC.,527
26545,STUDIO GHIBLI INC.,527
27157,STUDIO GHIBLI INC.,527
23602,STUDIO GHIBLI INC.,527
21020,STUDIO GHIBLI INC.,527
19696,STUDIOCANAL,528
24522,STUDIOCANAL,528
20184,STUDIOCANAL SAS,531
17916,STUDIOCANAL S.A.S,529
19659,STUDIOCANAL S.A.S,529
29250,STUDIOCANAL S.A.S,529
23386,TAMASA DISTRIBUTION,537
23274,TAMASA DISTRIBUTION,537
23275,TAMASA DISTRIBUTION,537
19736,TAMASA DISTRIBUTION,537
20918,TBS GLOWDIA INC.,538
29563,TELECINCO CINEMA S.A.U,539
21214,TELEPOOL GMBH,540
26212,TEWSF S.C.S.,542
18737,TF1 DROITS AUDIOVISUELS,543
18305,TF1 DROITS AUDIOVISUELS,543
18761,TF1 DROITS AUDIOVISUELS,543
18469,TF1 DROITS AUDIOVISUELS,543
18538,TF1 DROITS AUDIOVISUELS,543
16808,TF1 DROITS AUDIOVISUELS,543
16990,TF1 DROITS AUDIOVISUELS,543
16868,TF1 DROITS AUDIOVISUELS,543
16947,TF1 DROITS AUDIOVISUELS,543
1691,TF1 INTERNATIONAL,544
21920,TF1 STUDIO,545
23660,THE MATCH FACTORY,551
20556,THE MATCH FACTORY,551
20413,THE MATCH FACTORY,551
21857,THE MATCH FACTORY GMBH,552
23511,THE MATCH FACTORY GMBH,552
22715,THE MATCH FACTORY GMBH,552
25771,THE MATCH FACTORY GMBH,552
18306,THE NETHERLANDS FILM FUND (THE NETHERLANDS FILM PRODUCTION INCENTIVE),553
24488,THE PARTY FILM SALES,555
26872,THE RED SEA FUND,559
21363,THEO ANGELOPOULOS FILM PRODUCTIONS L.P.,563
21362,THEO ANGELOPOULOS FILM PRODUCTIONS L.P.,563
21365,THEO ANGELOPOULOS FILM PRODUCTIONS L.P.,563
21359,THEO ANGELOPOULOS FILM PRODUCTIONS L.P.,563
21361,THEO ANGELOPOULOS FILM PRODUCTIONS L.P.,563
21358,THEO ANGELOPOULOS FILM PRODUCTIONS L.P.,563
21360,THEO ANGELOPOULOS FILM PRODUCTIONS L.P.,563
21364,THEO ANGELOPOULOS FILM PRODUCTIONS L.P.,563
21366,THEO ANGELOPOULOS FILM PRODUCTIONS L.P.,563
29428,THONGKHAM FILMS,564
26022,THONGKHAM FILMS,564
24575,"TIME, INC.",565
20759,TMS ENTERTAINMENT CO. LTD,566
28570,TMS ENTERTAINMENT CO. LTD.,567
22504,TMS ENTERTAINMENT CO. LTD.,567
25412,TMS ENTERTAINMENT CO. LTD.,567
25934,TOEI ANIMATION CO. LTD.,569
29707,TOEI ANIMATION CO. LTD.,569
26666,TOEI ANIMATION CO. LTD.,569
25895,"TOEI ANIMATION CO., LTD.",570
21992,TOEI ANIMATION ENTERPRISES LIMITED.,571
21991,TOEI ANIMATION ENTERPRISES LIMITED.,571
20405,TOEI ANIMATION ENTERPRISES LIMITED.,571
23537,TOEI ANIMATION ENTERPRISES LTD.,572
28747,TOEI COMPANY LTD.,573
26579,TOEI COMPANY LTD.,573
23554,TOEI COMPANY LTD.,573
25444,TOEI COMPANY LTD.,573
26645,TOEI COMPANY LTD.,573
18637,TOEI COMPANY LTD.,573
25632,TOEI VIDEO COMPANY LTD.,575
26279,TOEI VIDEO COMPANY LTD.,575
19954,TOEL COMPANY LTD.,576
21537,TOHO CO LTD,577
25672,TOHO CO. LTD.,578
14811,TOHO CO. LTD.,578
28478,TOHO CO. LTD.,578
24925,TOHO CO. LTD.,578
25317,TOHO CO. LTD.,578
24544,TOHO CO. LTD.,578
28111,TOHO CO. LTD.,578
25649,TOHO CO. LTD.,578
23742,TOHO CO. LTD.,578
22962,TOHO CO. LTD.,578
27950,TOHO CO. LTD.,578
28392,TOHO CO. LTD.,578
21625,TOHO CO. LTD.,578
18685,TOHO CO. LTD.,578
25267,"TOHO CO., LTD.",579
16958,TOHO COMPANY LTD,580
28491,TOHO CO. LTD.,578
26572,TOHO CO. LTD.,578
26617,TOHOKUSHINSHA FILM CORPORATION,581
22882,TOHOKUSHINSHA FILM CORPORATION,581
16758,TOHOKUSHINSHA FILM CORPORATION,581
21933,TOKYO BROADCASTING SYSTEM TELEVISION INC.,582
18297,TOKYO BROADCASTING SYSTEM TELEVISION INC.,582
25117,"TOKYO BROADCASTING SYSTEM TELEVISION, INC.",583
25029,"TOKYO BROADCASTING SYSTEM TELEVISION, INC.",583
28377,TOKYO BROADCASTING SYSTEN TELEVISION INC.,584
24313,TOTEM FILMS,585
19731,TOTEM FILMS,585
29238,TOTEM FILMS SAS,586
22196,TOTEM FILMS SAS,586
29608,TRAFALGAR RELEASING LIMITED,588
23946,TRUE COLOURS GLORIOUS FILMS S.R.L.,592
28212,TRUE COLOURS GLORIOUS FILMS SRL,593
27360,TRUE COLOURS GLORIOUS FILMS S.R.L.,592
26121,TRUSTNORDISK,594
27180,TRUSTNORDISK APS,595
27913,TRUSTNORDISK APS,595
27436,TRUSTNORDISK APS,595
21974,TRUSTNORDISK APS,595
26756,TRUSTNORDISK APS,595
26481,TRUSTNORDISK APS,595
26884,TRUSTNORDISK APS,595
22232,TSUBURAYA PRODUCTIONS,596
21821,TV HOUSE LIMITED,599
20879,TV TOKYO CORPORATION,600
20726,TV TOKYO CORPORATION,600
20727,TV TOKYO CORPORATION,600
20669,TV TOKYO CORPORATION,600
22003,TV TOKYO CORPORATION,600
616,TWENTIETH CENTURY FOX INTERNATIONAL CORPORATION,601
20674,TAIWAN BRANCH,534
26384,TAJ INTAJ,535
23339,TALES OF HONEY LIMITED,536
27558,TAMASA DISTRIBUTION,537
27556,TAMASA DISTRIBUTION,537
27560,TAMASA DISTRIBUTION,537
27559,TAMASA DISTRIBUTION,537
27555,TAMASA DISTRIBUTION,537
4469,TAMASA DISTRIBUTION,537
24490,TAMASA DISTRIBUTION,537
24491,TAMASA DISTRIBUTION,537
27557,TAMASA DISTRIBUTION,537
27554,TAMASA DISTRIBUTION,537
27553,TAMASA DISTRIBUTION,537
25102,TELEPOOL GMBH,540
24552,TELEPOOL GMBH,540
26571,TELEPOOL GMBH,540
26360,TERAYAMA WORLD CO. LTD.,541
26359,TERAYAMA WORLD CO. LTD.,541
26360,TERAYAMA WORLD CO. LTD.,541
26360,TERAYAMA WORLD CO. LTD.,541
26360,TERAYAMA WORLD CO. LTD.,541
26359,TERAYAMA WORLD CO. LTD.,541
26359,TERAYAMA WORLD CO. LTD.,541
26359,TERAYAMA WORLD CO. LTD.,541
26359,TERAYAMA WORLD CO. LTD.,541
17254,THE BUREAU SALES,546
29166,THE COVEN,547
29083,THE COVEN,547
7635,THE FRENCH INSTITUTE,548
4395,THE FRENCH INSTITUTE,548
7634,THE FRENCH INSTITUTE,548
28385,THE JAPAN FOUNDATION,549
27983,THE JAPAN FOUNDATION,549
27986,THE JAPAN FOUNDATION,549
27978,THE JAPAN FOUNDATION,549
27982,THE JAPAN FOUNDATION,549
25320,THE KLOCKWORX CO. LTD.,550
23107,THE KLOCKWORX CO. LTD.,550
24753,THE KLOCKWORX CO. LTD.,550
20313,THE MATCH FACTORY,551
23376,THE MATCH FACTORY GMBH,552
26427,THE MATCH FACTORY GMBH,552
25861,THE MATCH FACTORY GMBH,552
25397,THE MATCH FACTORY GMBH,552
24010,THE MATCH FACTORY GMBH,552
20279,THE MATCH FACTORY GMBH,552
26917,THE MATCH FACTORY GMBH,552
20239,THE MATCH FACTORY GMBH,552
23886,THE MATCH FACTORY GMBH,552
27511,THE MATCH FACTORY GMBH,552
21180,THE NOVICE LLC,554
26147,THE PARTY FILM SALES,555
23390,THE PINKFONG COMPANY INC.,556
22432,THE PLAYMAKER MUNICH,557
20105,THE POKÉMON COMPANY,558
25773,THE ROYAL NATIONAL THEATRE,560
26265,THE ROYAL NATIONAL THEATRE,560
27651,THE ROYAL NATIONAL THEATRE,560
27841,THE ROYAL NATIONAL THEATRE,560
27998,THE ROYAL NATIONAL THEATRE,560
25894,THE ROYAL NATIONAL THEATRE,560
27951,THE ROYAL NATIONAL THEATRE,560
26277,THE ROYAL NATIONAL THEATRE,560
25080,THE ROYAL NATIONAL THEATRE LIVE,561
8985,THE SAUL ZAENTZ COMPANY,562
28160,TOEI ANIMATION CO. LTD,568
23463,TOEI ANIMATION CO. LTD.,569
22423,TOEI COMPANY LTD.,573
23962,TOEI COMPANY LTD.,573
24431,"TOEI COMPANY, LTD.",574
15670,TOHO CO. LTD.,578
26478,TOHO CO. LTD.,578
20186,TOHO CO. LTD.,578
19389,TOHO CO. LTD.,578
20631,TOHO CO. LTD.,578
18764,TOHO CO. LTD.,578
20591,TOHO CO. LTD.,578
20696,TOKYO BROADCASTING SYSTEM TELEVISION INC.,582
20229,TOKYO BROADCASTING SYSTEM TELEVISION INC.,582
27645,TOTEM FILMS,585
26090,TRAFALGAR RELEASING,587
27048,TRAFALGAR RELEASING,587
20418,TRAFALGAR RELEASING LIMITED,588
20519,TRAFALGAR RELEASING LIMITED,588
15653,TRAFALGAR RELEASING LIMITED,588
28112,TRAFALGAR RELEASING LIMITED,588
20337,TRAFALGAR RELEASING LIMITED,588
26687,TRAFALGAR RELEASING LTD.,589
25268,TRAFALGAR RELEASING LTD.,589
26450,TRAFALGAR RELEASING LTD.,589
24640,TRAFALGAR RELEASING LTD.,589
24111,TRAFALGAR RELEASING LTD.,589
26350,TRAFALGAR RELEASING LTD.,589
29574,TRAFALGAR RELEASING LTD.,589
25642,TRAFALGAR RELEASING LTD.,589
24639,TRAFALGAR RELEASING LTD.,589
23572,TRAFALGAR RELEASING LTD.,589
23206,TRAFALGAR RELEASING LTD.,589
28918,TRAFALGAR RELEASING LTD.,589
28880,TRAFALGAR RELEASING LTD.,589
27236,TRAFALGAR RELEASING LTD.,589
28309,TRAFALGAR RELEASING LTD.,589
28533,TRAFALGAR RELEASING LTD.,589
23589,TRAFALGAR RELEASING LTD.,589
21263,TRUE COLOURS,590
20872,TRUE COLOURS GLORIOUS FILMS SRL,593
29328,TRUSTNORDISK,594
18107,TRUSTNORDISK,594
29622,TRUSTNORDISK APS,595
29621,TRUSTNORDISK APS,595
19764,TRUSTNORDISK APS,595
26697,TSUBURAYA PRODUCTIONS CO. LTD.,597
24335,"TSUBURAYA PRODUCTIONS CO., LTD.",598
24715,"TSUBURAYA PRODUCTIONS CO., LTD.",598
26750,UC,602
28987,UNICORN S.R.L.,603
27820,UNITED INTERNATIONAL PICTURES,604
29401,UNIVERSAL INTERNATIONAL FILMS LLC,605
24917,UNIVERSAL INTERNATIONAL FILMS LLC,605
27914,UNIVERSAL INTERNATIONAL FILMS LLC,605
20580,UNIVERSAL INTERNATIONAL FILMS LLC,605
24493,UNIVERSAL INTERNATIONAL FILMS LLC,605
24782,UNIVERSAL INTERNATIONAL FILMS LLC,605
26338,UNIVERSAL INTERNATIONAL FILMS LLC,605
21896,UNIVERSAL INTERNATIONAL FILMS LLC,605
20635,UNIVERSAL INTERNATIONAL FILMS LLC,605
22355,UNIVERSAL INTERNATIONAL FILMS LLC,605
27163,UNIVERSAL INTERNATIONAL FILMS LLC,605
26678,UNIVERSAL INTERNATIONAL FILMS LLC,605
26968,UNIVERSAL INTERNATIONAL FILMS LLC,605
20212,UNIVERSAL INTERNATIONAL FILMS LLC,605
23393,UNIVERSAL INTERNATIONAL FILMS LLC,605
27114,UNIVERSAL INTERNATIONAL FILMS LLC,605
20210,UNIVERSAL INTERNATIONAL FILMS LLC,605
23536,UNIVERSAL INTERNATIONAL FILMS LLC,605
21161,UNIVERSAL INTERNATIONAL FILMS LLC,605
19468,UNIVERSAL INTERNATIONAL FILMS LLC,605
20810,UNIVERSAL INTERNATIONAL FILMS LLC,605
23613,UNIVERSAL INTERNATIONAL FILMS LLC,605
25892,UNIVERSAL INTERNATIONAL FILMS LLC,605
24337,UNIVERSAL INTERNATIONAL FILMS LLC,605
27946,UNIVERSAL INTERNATIONAL FILMS LLC,605
23400,UNIVERSAL INTERNATIONAL FILMS LLC,605
23588,UNIVERSAL INTERNATIONAL FILMS LLC,605
24597,UNIVERSAL INTERNATIONAL FILMS LLC,605
26775,UNIVERSAL INTERNATIONAL FILMS LLC,605
28528,UNIVERSAL INTERNATIONAL FILMS LLC,605
29082,UNIVERSAL INTERNATIONAL FILMS LLC,605
23924,UNIVERSAL INTERNATIONAL FILMS LLC,605
27153,UNIVERSAL INTERNATIONAL FILMS LLC,605
26241,UNIVERSAL INTERNATIONAL FILMS LLC,605
25709,UNIVERSAL INTERNATIONAL FILMS LLC,605
22476,UNIVERSAL INTERNATIONAL FILMS LLC,605
20459,UNIVERSAL INTERNATIONAL FILMS LLC,605
21942,UNIVERSAL INTERNATIONAL FILMS LLC,605
20660,UNIVERSAL INTERNATIONAL FILMS LLC,605
20458,UNIVERSAL INTERNATIONAL FILMS LLC,605
18925,UNIVERSAL INTERNATIONAL FILMS LLC,605
23144,UNIVERSAL INTERNATIONAL FILMS LLC,605
20241,UNIVERSAL INTERNATIONAL FILMS LLC,605
20137,UNIVERSAL INTERNATIONAL FILMS LLC,605
19308,UNIVERSAL INTERNATIONAL FILMS LLC,605
22652,UNIVERSAL INTERNATIONAL FILMS LLC,605
23153,UNIVERSAL INTERNATIONAL FILMS LLC,605
23959,UNIVERSAL INTERNATIONAL FILMS LLC,605
19964,UNIVERSAL INTERNATIONAL FILMS LLC,605
27834,UNIVERSAL INTERNATIONAL FILMS LLC,605
23084,UNIVERSAL INTERNATIONAL FILMS LLC,605
20410,UP TV 娛樂,606
27233,URBAN SALES,607
21929,URBAN SALES. S.A.S (“US”),608
29389,UZUMASA INC.,609
20394,UNITED INTERNATIONAL PICTURES,604
28461,V PICTURES CO. LTD,610
22877,VERSATILE,614
24638,VISION DISTRIBUTION S.P.A.,617
21998,VISION DISTRIBUTION S.P.A.,617
22880,VISIT FILMS LLC,621
23947,"VANTAGE MEDIA INTERNATIONAL,LLC(VMI)",611
18356,VARIETY DISTRIBUTION SRL,612
26752,VELA ENTERTAINMENT CO. LTD.,613
21172,VERTICAL ENTERTAINMENT,615
19383,VERTICAL ENTERTAINMENT,615
29754,VILLAGE INC.,616
29689,VILLAGE INC.,616
29440,VILLAGE INC.,616
23114,VILLAGE INC.,616
26619,VISION DISTRIBUTION S.P.A.,617
28179,VISION DISTRIBUTION S.P.A.,617
24883,VISION DISTRIBUTION S.P.A.,617
20735,VISION FILM INC,618
21116,VISION FILMS INC,619
20605,VISION FILMS INC.,620
11227,VISIT FILMS LLC,621
25631,WARNER BROS. ENTERTAINMENT GMBH,622
23384,WARNER BROS. JAPAN LLC,623
21385,WARNER BROS. JAPAN LLC,623
18707,WARNER BROS. PICTURES INTERNATIONAL.,624
17496,WARNER BROS. PICTURES INTERNATIONAL.,624
19786,WARNER BROS. PICTURES INTERNATIONAL.,624
22924,WARNER BROS. PICTURES INTERNATIONAL.,624
20215,WARNER BROS. PICTURES INTERNATIONAL.,624
28928,WARNER BROS. PICTURES INTERNATIONAL.,624
16636,WARNER BROS. PICTURES INTERNATIONAL.,624
18735,WARNER BROS. PICTURES INTERNATIONAL.,624
23889,WARNER BROS. PICTURES INTERNATIONAL.,624
20587,WARNER BROS. PICTURES INTERNATIONAL.,624
19161,WARNER BROS. PICTURES INTERNATIONAL.,624
22245,WARNER BROS. PICTURES INTERNATIONAL.,624
22676,WARNER BROS. PICTURES INTERNATIONAL.,624
24064,WARNER BROS. PICTURES INTERNATIONAL.,624
19182,WARNER BROS. PICTURES INTERNATIONAL.,624
21306,WARNER BROS. PICTURES INTERNATIONAL.,624
17486,WARNER BROS. PICTURES INTERNATIONAL.,624
20863,WARNER BROS. PICTURES INTERNATIONAL.,624
27947,WARNER BROS. PICTURES INTERNATIONAL.,624
25027,WARNER BROS. PICTURES INTERNATIONAL.,624
27481,WARNER BROS. PICTURES INTERNATIONAL.,624
23705,WARNER BROS. PICTURES INTERNATIONAL.,624
24540,WARNER BROS. PICTURES INTERNATIONAL.,624
29087,WARNER BROS. PICTURES INTERNATIONAL.,624
16091,WARNER BROS. PICTURES INTERNATIONAL.,624
21582,WARNER BROS. PICTURES INTERNATIONAL.,624
26399,WARNER BROS. PICTURES INTERNATIONAL.,624
28390,WARNER BROS. PICTURES INTERNATIONAL.,624
9023,WARNER BROS. PICTURES INTERNATIONAL.,624
28109,WARNER BROS. PICTURES INTERNATIONAL.,624
25278,WARNER BROS. PICTURES INTERNATIONAL.,624
23772,WARNER BROS. PICTURES INTERNATIONAL.,624
9986,WARNER BROS. PICTURES INTERNATIONAL.,624
18759,WARNER BROS. PICTURES INTERNATIONAL.,624
14082,WARNER BROS. PICTURES INTERNATIONAL.,624
29094,WARNER BROS. PICTURES INTERNATIONAL.,624
26945,WARNER BROS. PICTURES INTERNATIONAL.,624
17104,WARNER BROS. PICTURES INTERNATIONAL.,624
26269,WARNER BROS. PICTURES INTERNATIONAL.,624
20104,WARNER BROS. PICTURES INTERNATIONAL.,624
24938,WARNER BROS. PICTURES INTERNATIONAL.,624
29526,WARNER BROS. PICTURES INTERNATIONAL.,624
25090,WARNER BROS. PICTURES INTERNATIONAL.,624
28233,WARNER BROS. PICTURES INTERNATIONAL.,624
27173,WARNER BROS. PICTURES INTERNATIONAL.,624
16078,WARNER BROS. PICTURES INTERNATIONAL.,624
28565,WARNER BROS. PICTURES INTERNATIONAL.,624
27625,WARNER BROS. PICTURES INTERNATIONAL.,624
26768,WARNER BROS. PICTURES INTERNATIONAL.,624
21837,WARNER BROS. PICTURES INTERNATIONAL.,624
20076,WESTEND FILMS LTD,628
25764,WHY NOT PRODUCTIONS,629
24348,WIDE,630
20386,WIDE,630
24350,WIDE HOUSE,631
24871,WILD BUNCH,632
23193,WILD BUNCH,632
19858,WILD BUNCH,632
23699,WILD BUNCH,632
10331,WILD BUNCH,632
22111,WILD BUNCH INTERNATIONAL,633
24255,WILD BUNCH INTERNATIONAL,633
23420,WILD BUNCH INTERNATIONAL,633
23857,WILD BUNCH INTERNATIONAL,633
19894,WILD BUNCH INTERNATIONAL,633
21307,WILD BUNCH INTERNATIONAL,633
22650,WILD BUNCH INTERNATIONAL,633
22707,WILD BUNCH INTERNATIONAL,633
19241,WILW HOLDINGS LLC,634
24384,WM JANSEN,635
23963,WTFILMS,636
21810,WTFILMS,636
20553,WYS EN SCENE CO. LTD.,638
28753,WARNER BROS. JAPAN LLC,623
20204,WERNER HERZOG FILM GMBH,627
22741,WHY NOT PRODUCTIONS,629
21163,WILD BUNCH INTERNATIONAL,633
21995,WILD BUNCH INTERNATIONAL,633
23932,WILD BUNCH INTERNATIONAL,633
23945,WILD BUNCH INTERNATIONAL,633
23265,WILD BUNCH INTERNATIONAL,633
23549,WYS EN SCENE,637
24927,XAMXELA SAS DI MASSIMO FABBRO & C,639
26939,YELLOW-GREEN PI,640
23836,YOMIURI TELECASTING CORPORATION,641
22174,YOMIURI TELECASTING CORPORATION,641
20264,YOMIURI TELECASTING CORPORATION,641
26918,YOMIURI TELECASTING CORPORATION,641
24253,ZO.O.,642
20761,ALIEF SAS,33
29187,ANIPLEX INC,45
28838,ANIPLEX INC.,46
28919,CLIBURN MEDIA LLC,139
26430,ELLE DRIVER,165
20410,HMVOD,267
23474,KT ALPHA CO. LTD,323
26786,KT ALPHA CO. LTD.,324
25179,KT ALPHA CO. LTD.,324
20473,KT ALPHA CO. LTD.,324
25351,"KT ALPHA CO.,LTD.",325
25071,M-APPEAL,354
25062,M-APPEAL,354
25059,M-APPEAL,354
24954,M-APPEAL,354
26552,M-APPEAL,354
19687,M-APPEAL,354
28158,M-APPEAL,354
17414,M-APPEAL,354
21746,M-APPEAL WORLD SALES UG (HAFTUNGSBESCHR),355
24835,M-APPPEAL,356
25129,MAPPPEAL,370
27891,MK2 FILMS,387
27485,MK2 FILMS,387
27047,MM2 ENTERTAINMEN,391
26140,MM2 ENTERTAINMENT PTE. LTD.,393
21719,RO*CO FILMS INTERNATIONAL LLC,482
27549,SIXPACKFILM,508
21123,SIXPACKFILM,508
29484,STUDIOCANAL S.A.S,529
29564,WARNER MUSIC JAPAN INC,626
22183,WIDE,630
26403,“CENTRAL PARTNERSHIP SALES HOUSE”LLC,643
29672,一劇之本有限公司,644
23391,一劇之本有限公司,644
29573,一品堂中醫診所,645
26664,一念間電影有限公司,646
19729,一杯熱奶茶影視有限公司,647
26384,一條龍虎豹國際娛樂有限公司,648
14496,一條龍虎豹國際娛樂有限公司,648
26034,一毛製作有限公司,649
25590,一種態度電影股份有限公司,650
26439,一種態度電影股份有限公司,650
24494,一陽映畫有限公司,651
22615,丁啟文,652
22084,七霞電影有限公司,653
22108,七霞電影有限公司,653
27644,三三電影製作有限公司,654
22613,三上影像創作有限公司,655
20817,三乘影像股份有限公司,656
19624,三和娛樂國際有限公司,657
27925,三幕電影製作有限公司,658
27100,三樂電影製作有限公司,659
20477,三皇生物科技股份有限公司,660
26664,三皇生物科技股份有限公司,660
25222,三皇生物科技股份有限公司,660
28748,三皇生物科技股份有限公司,660
19183,三皇生物科技股份有限公司,660
23926,三視多媒體網路股份有限公司,661
23355,三鳳有限公司,662
20711,上作娛樂有限公司,663
24370,上善醫文化工作室,664
20396,上海三次元影業有限公司,665
22926,上海亭東影業有限公司,666
21616,上海依英影視傳媒有限公司,667
20986,上海儒意影視制作有限公司,668
21616,上海千易源文化傳媒有限公司,669
26567,上海博納影文化傳媒有限公司,670
23688,上海博納文化傳媒有限公司,671
14496,上海啟李廣告有限公司,672
26568,上海壹同影視製作有限公司,673
23702,上海影爵文化傳媒有限公司,674
20986,上海復逸文化傳播有限公司,675
22791,上海愛美影視文化傳媒有限公司,676
20396,上海拾谷影業有限公司,677
26567,上海梅龍鎮廣場環藝娛樂管理有限公司,678
20319,上海樂朝程影視傳媒有限公司,679
24981,上海淘票票影視文化有限公司,680
27383,上海淘票票影視文化有限公司,680
20747,上海淘票票影視文化有限公司,680
26568,上海淘票票影視文化有限公司,680
26742,上海淘票票影視文化有限公司,680
29767,上海淘票票影視文化有限公司,680
26707,上海淘票票影視文化有限公司,680
20822,上海淘票票影視文化有限公司,680
21423,上海淘票票影視文化有限公司,680
26761,上海淘票票影視文化有限公司,680
27822,上海淘票票影視文化有限公司,680
25150,上海淘票票影視文化有限公司,680
23190,上海淘票票影視文化有限公司,680
22791,上海淘票票影視文化有限公司,680
26560,上海淘票票影視文化有限公司,680
28780,上海淘票票影視文化有限公司,680
25150,上海源納影業有限公司,681
27178,上海環路影視文化有限公司,682
22791,上海甲地文化集團有限公司,683
23190,上海福畫影視文化有限公司,684
26510,上海笨小孩影視傳媒有限公司,685
22791,上海絢毅影視文化傳媒有限公司,686
26707,上海華人影業有限公司,687
26707,上海華人影業有限公司北京分公司,688
27178,上海華策電影有限公司,689
29635,上海華策電影有限公司,689
20396,上海複逸文化傳播有限公司,690
20986,上海貓眼影業有限公司,691
26471,上海貓眼影業有限公司,691
26560,上海貓眼影業有限公司,691
28780,上海貓眼影業有限公司,691
26871,上海追光影業有限公司,692
29190,上海阿里巴巴影業有限公司,693
20319,上海阿里巴巴影業有限公司,693
23519,上海電影集團公司,694
22926,上海電影（集團）有限公司,695
26568,上海電影（集團）有限公司,695
23440,上海騰訊企鵝影視文化傳播有限公司,696
20154,上海魁颯影業有限公司,697
20646,世界投資顧問股份有限公司,698
23831,世詮多媒體有限公司,699
19402,中台興化學工業股份有限公司,700
23843,中國信託創業投資股份有限公司,701
20410,中國創意數碼娛樂有限公司,702
24054,中國電影股份有限公司,703
20986,中國電影股份有限公司,703
21423,中國電影股份有限公司,703
22926,中國電影股份有限公司,703
20396,中國電影股份有限公司,703
29190,中國電影股份有限公司,703
27178,中國電影股份有限公司,703
25415,"中國電影股份有限公司,上海電影(集團)有限公司,天津貓眼微影文化傳媒有限公司,上海淘票票影視文化有限公司,新麗傳媒集團有限公司,中國鐵道建築集團有限公司,浙江橫店影業有限公司,英皇電影發行(北京)有限公司,中影數字院線(北京)有限公司,抖音文化(廈門)有限公司,咪咕文化科技有限公司,之江電影集團有限公司,阿那亞影視文化有限公司,陝西廣電影視文化產業發展有限公司",704
29767,中天星辰(天津)影業有限公司,705
20396,中央紀委中國方正出版社,706
21978,中央電影事業股份有限公司,707
26560,中引文化傳媒(武漢)有限公司,708
24054,中影創意（北京）電影有限公司,709
29573,中影國際股份有限公司,710
16476,中影寰亞音像製品有限公司,711
21786,中影寰亞音像製品有限公司,711
16356,中影股份有限公司,712
28241,中影股份有限公司,712
28242,中影股份有限公司,712
22215,中影股份有限公司,712
25116,中影股份有限公司,712
19729,中環國際娛樂事業股份有限公司,713
29573,中環國際娛樂事業股份有限公司,713
19319,中環國際娛樂事業股份有限公司,713
502,中環國際娛樂事業股份有限公司,713
28395,中環國際娛樂事業股份有限公司,713
26546,中環國際娛樂事業股份有限公司,713
25335,中環國際娛樂事業股份有限公司,713
19402,中環國際娛樂事業股份有限公司,713
20477,中環國際娛樂事業股份有限公司,713
21785,中環國際娛樂事業股份有限公司,713
24752,中環國際娛樂事業股份有限公司,713
24663,中環國際娛樂事業股份有限公司,713
22671,中環國際娛樂事業股份有限公司,713
23535,中環國際娛樂事業股份有限公司,713
23671,中環國際娛樂事業股份有限公司,713
26546,中華電信股份有限公司,714
23409,中華電信股份有限公司個人家庭分公司,715
27178,中視金橋文化發展（北京）有限公司,716
22791,中銘盛世(深圳)影業集團有限公司,717
23688,中銘盛世（深圳）影業集團有限公司,718
22268,主磐叙社有限公司,719
19630,主雅映象有限公司,720
23139,久和投資控股有限公司,721
20747,之升(上海)影業有限公司,722
26612,之江電影集團有限公司,723
26560,之江電影集團有限公司,723
27178,之江電影集團有限公司,723
27925,九日映像開發有限公司,724
23465,"九洲音像出版公司,超娛影業（佛山）有限公司,超娛影業（深圳）有限公司,廣東珠影影視製作有限公司,北京環鷹時代文化傳媒有限公司",725
26664,乾伽國際媒體有限公司,726
25590,于仲淵,727
20396,亞博思文化傳媒（北京）有限公司,728
24054,亞太國影（深圳）影業有限公司,729
24054,亞太國影（蘇州）影業有限公司,730
24054,亞太國影（重慶）文化傳媒有限公司,731
24054,亞太華影（北京）影業有限公司,732
21616,伊犁卓然影業有限公司,733
22671,伯樂影業股份有限公司,734
26546,伯樂影業股份有限公司,734
23409,伯樂影業股份有限公司,734
23535,伯樂影業股份有限公司,734
23671,伯樂影業股份有限公司,734
24054,佛山泓東影視文化傳媒有限公司,735
21080,佳映娛樂國際股份有限公司,736
25745,佳映娛樂國際股份有限公司,736
22435,偉新教育基金有限公司,737
23831,健身聯盟,738
22710,傑恩西影像工作室,739
18424,傳影互動股份有限公司,740
21031,優橝文化傳媒有限公司,741
23440,優酷電影有限公司,742
26707,優酷電影有限公司,742
27873,元桌影藝有限公司,743
18424,光元體影藝有限公司,744
29379,光速火箭股份有限公司,745
23714,兔子創意股份有限公司,746
16901,兔將創意影業股份有限公司,747
23934,內容物數位電影製作有限公司,748
19608,內容物數位電影製作有限公司,748
21839,內容物數位電影製作有限公司,748
26560,內蒙古電影集團有限責任公司,749
28611,全國眷村文化保存聯盟,750
28311,全國眷村文化保存聯盟,750
27179,兩個人有限公司,751
29611,六六喜喜股份有限公司,752
24014,六六喜喜股份有限公司,752
23506,六六喜喜股份有限公司,752
25590,六六喜喜股份有限公司,752
21119,六六喜喜股份有限公司,752
25213,"内蒙古電影集團有限責任公司,北京博納影業集團有限公司,華夏電影發行有限責任公司,阿里巴巴影業（北京）有限公司,内蒙古電影製片厂有限責任公司,上海博納文化傳媒有限公司,北京博納國際影院投資管理有限公司",753
25590,再現影像製作股份有限公司,754
20986,冠宇影業(北京)有限公司,755
26584,凌晨影視製作有限公司,756
21785,凡宇興業有限公司,757
21616,凡魚傳媒(北京)有限公司,758
17116,凱擘影藝股份有限公司,759
24014,凱擘影藝股份有限公司,759
21839,前景娛樂有限公司,760
25414,前景娛樂有限公司,760
27873,前景娛樂有限公司,760
25149,劇糖文創娛樂股份有限公司,761
25335,劇龍製作有限公司,762
22613,劉琬琳,763
24239,力揚電影有限公司,764
21423,北京一品傳揚文化傳播有限公司,765
26707,北京上獅文化傳播有限公司,766
20822,北京上獅文化傳播有限公司,766
26510,北京上獅文化傳播有限公司,766
27822,北京上獅文化集團有限公司,767
20396,北京世紀蜘蛛文化傳播有限公司,768
26742,北京中導協文化發展有限公司,769
20986,北京京西文化旅遊股份有限公司,770
24981,北京人間指南影業有限公司,771
23702,北京人間指南影業有限公司,771
26612,北京人間指南影業有限公司,771
26707,北京元氣娛樂文化有限公司,772
20986,北京光彩紀行文化發展有限公司,773
26560,北京光線影業有限公司,774
20986,北京入海時網路科技有限公司,775
20319,北京力禾欣文化傳媒有限公司,776
27945,北京加辣製作影視文化有限公司,777
20986,北京匠紫文化傳媒有限公司,778
21616,北京千易時代文化傳媒有限公司,779
26567,北京博納集團影業有限公司,780
24054,北京博視眾和文化傳播有限公司,781
20396,北京嘉映文化傳媒有限公司,782
20396,北京嘉映春天影業有限公司,783
27178,北京國影縱横電影發行有限公司,784
22926,北京國影縱橫電影發行有限公司,785
20986,北京國盾影視傳媒有限公司,786
26560,北京團圓影業有限公司,787
26510,北京壞猴子文化產業發展有限公司,788
26568,北京壹同傳奇影視文化有限公司,789
20986,北京大碗娛樂文化傳媒有限公司,790
23702,北京大美寰宇影業有限公司,791
16476,北京大美寰宇影業有限公司,791
26077,北京宇你影業有限公司,792
20396,北京完美影視傳媒有限責任公司,793
29767,北京布勞森沐文化傳播有限公司,794
20319,北京影窩文化傳媒有限公司,795
23688,北京影聯影業有限公司,796
29190,北京復星影業有限公司,797
27383,北京微夢創科網絡技術有限公司,798
27822,北京微夢創科網絡技術有限公司,798
20747,北京微夢創科網絡技術有限公司,798
22926,北京微夢創科網絡技術有限公司,798
28780,北京微夢創科網絡技術有限公司,798
23702,北京微夢創科網絡技術有限公司,798
26471,北京微夢創科網絡技術有限公司,798
27178,北京微夢創科網絡技術有限公司,798
26707,北京微夢創科網路技術有限公司,799
26568,北京微夢創科網路技術有限公司,799
21423,北京微夢創科網路技術有限公司,799
26555,北京恐龍影業股份有限公司,800
23440,北京愛奇藝科技有限公司,801
27945,北京愛奇藝科技有限公司,801
23688,北京拉近影業有限公司,802
16476,北京拉近影業有限公司,802
25150,北京新益影視文化傳播有限公司,803
20319,北京星魅力影視文化傳媒集團有限公司,804
25150,北京暢想新影影業有限公司,805
21423,北京曉浩影視文化傳媒有限公司,806
16476,北京林夕影業有限公司,807
23702,北京林夕影業有限公司,807
20154,北京果實創想影視文化有限公司,808
23702,北京樂桃傳媒有限公司,809
20396,北京歌亞時代投資管理有限公司,810
27945,北京水龍吟影視文化有限公司,811
23190,北京烤拉文化傳媒有限公司,812
22791,北京無限自在文化傳媒股份有限公司,813
25150,北京無限自在文化傳媒股份有限公司,813
26742,北京盛煜天桐文化集團有限公司,814
21423,北京盛煜天桐文化集團有限公司,814
21786,北京真之影文化傳媒有限公司,815
26471,北京秋豪影視有限公司,816
20986,北京精彩時間文化傳媒有限公司,817
27178,北京耀影電影發行有限公司,818
22926,北京耀影電影發行有限公司,818
22791,北京耀萊影視文化傳媒有限公司,819
20747,北京自由酷鯨影業有限公司,820
26555,北京超樂無限文化傳播有限公司,821
27945,北京金天地影視文化股份有限公司,822
27178,北京長城沃美電影院線有限公司,823
26510,北京阿里巴巴影業文化有限公司,824
29190,北京阿里巴巴影業文化有限公司,824
24277,"北京阿里巴巴影業文化有限公司,北京海潤影業股份有限公司,浙江橫店影業有限公司,中國電影股份有限公司,上海復逸文化傳播有限公司,海潤影視製作有限公司,北京榮宸慧技術諮詢有限公司,杭州予墨商務信息諮詢有限責任公司,海南八月映像影視有限公司,靈河文化傳媒（上海）有限公司",825
26077,北京零刻度線影業有限公司,826
21047,北京風和向日葵影業有限公司,827
26567,北京高興文化傳媒有限公司,828
25182,匠子映畫,829
18190,十三月股份有限公司,830
23926,十二果子有限公司,831
26546,十宜影樂有限公司,832
25150,南京博遠影視傳媒有限公司,833
25312,南川上電影有限公司,834
26567,博納影業集團股份有限公司,835
23688,博納影業集團股份有限公司,835
26567,博納影視娛樂有限公司,836
20670,原典國際影視製作有限公司,837
24718,原子映象有限公司,838
21119,原子映象有限公司,838
24214,原金國際有限公司,839
23934,台中拍,840
28395,台亞半導體股份有限公司,841
29057,台北市電影委員會,842
24239,台北市電影委員會,842
18306,台北市電影委員會,842
19319,台北市電影委員會,842
27873,台北市電影委員會,842
27462,台北影業股份有限公司,843
25728,台北影業股份有限公司,843
28090,台北影業股份有限公司(聯合出品公司),844
19402,台北真好電影股份有限公司,845
20354,台北真好電影股份有限公司,845
25222,台灣夢幻文創股份有限公司,846
24663,台灣大哥大 MYVIDEO,847
27879,台灣大哥大 MYVIDEO,847
23714,台灣大哥大MYVIDEO,848
19402,台灣大哥大MYVIDEO,848
28395,台灣大哥大股份有限公司,849
20725,台灣大哥大股份有限公司,849
23926,台灣大哥大股份有限公司,849
25728,台灣大哥大股份有限公司,849
20354,台灣大哥大股份有限公司,849
24014,台灣大哥大股份有限公司 (台灣大哥大 MYVIDEO),850
23506,台灣大哥大股份有限公司(MY VIDEO),851
16901,台灣太陽娛樂有限公司,852
23926,台灣文創天使投資股份有限公司,853
24066,台灣映藝娛樂股份有限公司,854
27567,台灣白令電影有限公司,855
27462,台灣白令電影有限公司,855
28200,台灣索尼音樂娛樂股份有限公司,856
12236,台聯影業有限公司,857
21423,司貝影業（北京）有限公司,858
25586,合影視有限合夥,859
25063,合影視有限合夥,859
23714,合影視有限合夥,859
26560,合肥市電影發行放映有限公司,860
26594,吉光日和電影有限公司,861
23190,吉林省第柒影視工作室有限公司,862
21822,后花園數位影像製作有限公司,863
27925,后花園數位影像製作有限公司,863
29379,后花園數位影像製作有限公司,863
23506,呈洋國際有限公司,864
20319,和和（上海）影業有限公司,865
27462,和寬攝影器材有限公司,866
27567,和寬攝影器材有限公司,866
22791,和眾文化發展(北京)有限公司,867
25103,和道創作研究社,868
20175,品蓮觀真電影股份有限公司,869
29767,啊哈影業(上海) 有限公司,870
20396,喀什嘉映文化傳媒有限公司,871
20986,喀什嘉視文化傳媒有限公司,872
26077,善為影業有限公司,873
20354,喜滿客京華影城股份有限公司,874
26871,嗶哩嗶哩影業（天津）有限公司,875
25728,嘉揚電影有限公司,876
28395,嘉揚電影有限公司,876
20396,嘉映影業有限公司,877
20986,嘲風影業(北京)有限責任公司,878
26077,四川大路影業有限公司,879
21423,四川納森影視文化傳媒有限公司,880
26077,四川誠城影視文化傳播有限公司,881
26077,四川魔影影業有限公司,882
23409,四方四隅文娛國際股份有限公司,883
21171,國家表演藝術中心衛武營國家藝術文化中心,884
22759,國家電影及視聽文化中心,885
22082,國立台灣師範大學,886
19269,國賓影城股份有限公司,887
22858,地地影像工房有限公司,888
20646,地球防衛隊娛樂有限公司,889
23965,埋位製作有限公司,890
20921,城市國際電影有限公司,891
20410,培生培心公司,892
25182,堂堂映畫,893
16476,墨客行影業（北京）有限公司,894
27567,墨緹影業 MOTIF PICTURES PTE. LTD.,895
24221,"壞猴子（上海）文化傳播有限公司,北京京西文化旅游股份有限公司,北京歡喜首映文化有限公司,北京阿里巴巴影業文化有限公司,騰訊影業文化傳播有限公司",896
26568,壹同科影（上海）文化有限公司,897
26788,壹捌玖伍電影有限公司,898
24718,壹陸喜喜股份有限公司,899
20646,夢想創造股份有限公司,900
25306,夢想創造股份有限公司,900
25150,夢想沙龍娛樂文化投資有限公司,901
21517,夢想沙龍娛樂文化有限公司,902
29573,夢田影像股份有限公司,903
26510,夢造者娛樂有限公司,904
26140,大元娛樂有限公司 IS ENTERTAINMENT CO. LTD.,905
23688,大地時代文化傳播（北京）有限公司,906
23688,大地時代文化傳播（天津）有限公司,907
23688,大地電影發行（香港）有限公司,908
23926,大好天光文化創意股份有限公司,909
25306,大宇資訊股份有限公司,910
27925,大岩文創國際有限公司,911
19400,大悲學苑 台灣大悲佛學會,912
23843,大慕可可股份有限公司,913
26439,大慕可可股份有限公司,913
25306,大慕可可股份有限公司,913
24014,大慕可可股份有限公司,913
23843,大慕影藝國際事業股份有限公司,914
19729,大瀚國際開發股份有限公司,915
27415,大照國際影像有限公司,916
24752,大腕影業國際有限公司,917
28830,大腕影業國際有限公司,917
24066,大腕影業國際有限公司,917
25994,大誠保險經紀人股份有限公司,918
23190,大象娛樂傳媒(溫州)有限公司,919
21047,大足國際文化傳媒有限公司,920
28748,大雲文創股份有限公司,921
23419,大麥影像傳播工作室,922
26234,天下一電影發行有限公司,923
20396,天下一電影製作有限公司,924
26761,天下一電影製作有限公司,924
19859,天下一電影製作有限公司,924
27383,天下一電影製作有限公司,924
22420,天下一電影製作有限公司,924
19159,天下一電影製作有限公司,924
26034,天下一電影製作有限公司,924
21747,天下一電影製作有限公司,924
24595,"天下一電影製作有限公司,852 電影有限公司,ICON GROUP LIMITED ,香港電影發展基金,KATCH多優惠平台",925
25063,天使放大股份有限公司,926
19319,天使放大股份有限公司,926
28830,天地根映像國際有限公司,927
20396,天津天影電影製片有限公司,928
20986,天津摩天輪文化傳媒有限公司,929
20396,天津磨鐵娛樂有限公司,930
27178,天津貓眼微影文化傳媒有限公司,931
29767,天津貓眼微影文化傳媒有限公司,931
28780,天津貓眼微影文化傳媒有限公司,931
20396,天津貓眼微影文化傳媒有限公司,931
26560,天津貓眼微影文化傳媒有限公司,931
26471,天津貓眼微影文化傳媒有限公司,931
23688,天津貓眼微影文化傳媒有限公司,931
24054,天津貓眼微影文化傳媒有限公司,931
23190,天津貓眼微影文化傳媒有限公司,931
20747,天津貓眼微影文化傳媒有限公司,931
19159,天津貓眼微影文化傳媒有限公司,931
22791,天津貓眼微影文化傳媒有限公司,931
26555,天津貓眼微影文化傳媒有限公司,931
20986,天津貓眼微影文化傳媒有限公司,931
22926,天津貓眼微影文化傳媒有限公司,931
21423,天津閱文影視文化傳媒有限公司,932
23190,天津閱文影視文化傳媒有限公司,932
27822,天津閱文影視文化傳媒有限公司,932
23349,天津電影製片廠,933
19729,天立揚製片有限公司,934
27100,天翼映創股份有限公司,935
20477,天際娛樂股份有限公司,936
20725,天馬傳播事業有限公司,937
26612,天馬電影出品（香港）有限公司,938
19662,太極影音科技股份有限公司,939
28070,太睿投資有限公司,940
22876,太陽娛樂文化有限公司,941
20646,奇亨創意影像有限公司,942
26439,奇幻娛樂國際股份有限公司,943
24014,奇幻娛樂國際股份有限公司,943
20354,奇幻娛樂國際股份有限公司,943
22660,奇葩娛樂事業有限公司,944
24053,好享國際文創股份有限公司,945
23934,好勁影業有限公司,946
25116,好好看文創有限公司,947
20396,好孩子制作有限公司,948
25737,好野娛樂有限公司,949
27633,如意影視制作公司(ROOYEE FILMS PRODUCTION INC.),950
21690,姚國禎,951
20354,威威巖娛樂製作有限公司,952
27506,威裕環球集團,953
502,威視股份有限公司,954
27961,子鉅國際有限公司,955
16139,學者股份有限公司,956
28890,宇宙子媒體藝術有限公司,957
19986,宇鯉影業有限公司,958
20986,安徽舒茶九一六影視傳媒有限公司,959
23635,安樂影片有限公司,960
29190,安樂影片有限公司,960
22420,安樂影片有限公司,960
26761,安樂影片有限公司,960
19859,安樂影片有限公司,960
12489,安樂電影公司(聯合出品),961
26761,安樂（北京）電影發行有限公司,962
29190,安樂（北京）電影發行有限公司,962
25116,安沛文創股份有限公司,963
25116,安聯量行集團,964
27178,完美世界院線有限公司,965
25984,宏寰文化傳播,966
26397,宏寰文化傳播有限公司,967
26614,宏寰文化傳播有限公司,967
27879,宏將影業有限公司,968
23535,宏將影業有限公司,968
23409,宏將影業有限公司,968
20354,宏將影業有限公司,968
22671,宏將影業有限公司,968
24014,宏將影業有限公司,968
26220,客家委員會,969
26226,富士電視台,970
20051,寒山拾得有限公司 高雄人,971
25422,寓言工作室,972
21423,寧和萬向文化傳媒（北京）有限公司,973
22791,寧嘉(深圳)影業傳媒有限公司,974
21423,寧波浩瑞廣告傳媒有限公司,975
28200,寬想國際娛樂有限公司,976
24066,寬銀慕電影製作有限公司,977
27723,寬魚國際股份有限公司,978
29611,寬魚國際股分有限公司,979
23367,寰亞電影,980
23349,寰亞電影,980
23317,寰亞電影,980
16476,寰亞電影發行(北京）有限公司,981
23702,寰亞電影發行（北京）有限公司,982
21747,寰亞電影製作有限公司,983
21786,寰亞電影製作有限公司,983
27383,寰亞電影製作有限公司,983
19357,寰亞電影製作有限公司,983
26762,寰亞電影製作有限公司,983
22434,寰亞電影製作有限公司,983
16476,寰亞電影製作有限公司,983
24916,"寰亞電影製作有限公司,香港電影發展基金會,悅目映畫有限公司",984
26510,寰宇娛樂有限公司,985
24981,寰宇娛樂有限公司,985
28780,寰宇娛樂有限公司,985
24981,寰宇影片發行有限公司,986
28780,寰宇影片發行有限公司,986
28780,寰宇縱橫世紀電影發行（北京）有限公司,987
24981,寰宇縱橫世紀電影發行（北京）有限公司,987
25737,小綠人影像製作有限公司,988
26584,小花電影有限公司,989
23630,小黃花慈善基金LITTLE YELLOW FLOWER FOUNDATION,990
23605,小黃花慈善基金LITTLE YELLOW FLOWER FOUNDATION,990
23640,小黃花慈善基金LITTLE YELLOW FLOWER FOUNDATION,990
23604,小黃花慈善基金LITTLE YELLOW FLOWER FOUNDATION,990
26471,尚乘數字媒體有限公,991
24981,尚乘數字媒體有限公司,992
29429,尚乘數字媒體有限公司,992
19269,居爾一拳有限公司,993
24818,居爾一拳有限公司,993
27945,山西電影製片廠（有限公司）,994
23394,岸上影像有限公司,995
19608,岸上影像有限公司,995
20396,峨眉電影集團有限公司,996
20319,峨眉電影集團有限公司,996
20643,峰起云湧影業股份有限公司,997
19402,崴森管理顧問股份有限公司,998
25116,崴森管理顧問股份有限公司,998
20646,川琇數位娛樂有限公司,999
26511,巨星影業有限公司,1000
8011,布萊克芬電影有限公司,1001
23702,帆娛文化（上海）有限公司,1002
23961,希望影視行銷股份有限公司,1003
27017,希望影視行銷股份有限公司,1003
22791,平潭喜東東影視有限公司,1004
14895,年代網際事業股份有限公司,1005
15719,年代網際事業股份有限公司,1005
22788,幸福の科学,1006
20766,幸福の科学,1006
25586,幸福路映畫社有限公司,1007
6091,庫里影視,1008
22926,廈門人馬文化傳媒有限公司,1009
20747,廈門大洲影視文化發展有限公司,1010
26428,廈門恒業影業有限公司,1011
21047,廈門恒業影業有限公司,1011
26560,廈門恒業影業有限公司,1011
26560,廈門恒業牧馬人影視文化傳播有限公司,1012
23702,廈門昇格鑫映影視文化傳媒有限公司,1013
20747,廈門硯石科技有限公司,1014
23440,廈門自在互娛文化傳媒有限公司,1015
26077,廈門金逸傳媒有限公司,1016
27203,廖克發,1017
28780,廣州市英明文化傳播有限公司,1018
24981,廣州市英明文化傳播有限公司,1018
26077,廣州東來文化有限公司,1019
23702,廣東一晟影業投資有限公司,1020
25150,廣東國奧影業有限公司,1021
24054,廣東新億投資有限公司,1022
23702,廣東昇格傳媒服份有限公司,1023
25150,廣東昇格傳媒股份有限公司,1024
24054,廣東潮樂文化傳媒有限公司,1025
26077,廣東虎虎生威影業有限公司,1026
24752,延平影業有限公司,1027
26707,引力影視投資有限公司,1028
28097,張作驥電影工作室有限公司,1029
25522,彭紫惠,1030
28114,影一製作所股份有限公司,1031
24818,影一製作所股份有限公司,1031
26439,影一製作所股份有限公司,1031
19064,影一製作所股份有限公司,1031
29611,影市堂股份有限公司,1032
20521,影格電影有限公司,1033
21423,影聚天際影視傳媒（天津）有限公司,1034
28088,影響原創影視股份有限公司,1035
25586,影響原創影視股份有限公司,1035
25422,影響原創影視股份有限公司,1035
23831,影響視覺科技有限公司,1036
26140,彼演員多媒體有限公司 BE ACTOR CO. LTD.,1037
20138,待補,1038
27521,待補,1038
21921,後場音像紀錄工作室有限公司,1039
24059,後場音像紀錄工作室有限公司,1039
21748,後場音像紀錄工作室有限公司,1039
24044,後場音像紀錄工作室有限公司,1039
24013,後場音像紀錄工作室有限公司,1039
24011,後場音像紀錄工作室有限公司,1039
24012,後場音像紀錄工作室有限公司,1039
24036,後場音像紀錄工作室有限公司,1039
21239,後場音像紀錄工作室有限公司,1039
17799,後場音像紀錄工作室有限公司,1039
22327,後場音像紀錄工作室有限公司,1039
20922,後場音像紀錄工作室有限公司,1039
22673,後場音像紀錄工作室有限公司,1039
21123,徐璐,1040
24014,得利影視股份有限公司,1041
25422,得利影視股份有限公司,1041
23671,得利影視股份有限公司,1041
20354,得利影視股份有限公司,1041
22671,得利影視股份有限公司,1041
25306,得藝文創國際股份有限公司,1042
20477,得藝文創國際股份有限公司,1042
21785,得藝文創國際股份有限公司,1042
22435,心裏美電影有限公司,1043
22908,必應創造股份有限公司,1044
25312,念白電影有限公司,1045
25150,怡俊有限公司,1046
26253,恆星多媒體股份有限公司,1047
26555,恐龍影業（武漢）有限公司,1048
26635,恒世資本股份有限公司,1049
22434,悅目映畫有限公司,1050
21080,想映電影有限公司,1051
21373,想飛的魚電影製作有限公司,1052
23671,意妍堂製作股份有限公司,1053
26428,愛奇藝影業(上海)有限公司,1054
26560,愛奇藝影業(上海)有限公司,1054
21047,愛奇藝影業(北京)有限公司,1055
26428,愛奇藝影業(蘇州)有限公司,1056
26612,愛奇藝影業（北京）有限公司,1057
25150,愛奇藝影業（北京）有限公司,1057
21047,愛奇藝電影集團香港有限公司,1058
16901,愛奇藝電影集團香港有限公司,1058
25334,愛的光波影像社會企業有限公司,1059
19729,愷聯資本有限公司,1060
22631,憂鬱之島製作有限公司,1061
25818,我們之間影像製作有限公司,1062
20396,我們製作有限公司,1063
20805,我希望影像製作有限公司,1064
22671,打字人創意有限公司,1065
25422,承達投資有限公司,1066
27121,抓馬文化股份有限公司,1067
23190,抖音文化(廈門)有限公司,1068
22926,抖音文化（廈門）有限公司,1069
26871,抖音文化（廈門）有限公司,1069
27178,抖音文化（廈門）有限公司,1069
26568,抖音文化（廈門）有限公司,1069
21423,抖音文化（廈門）有限公司,1069
20747,抖音文化（廈門）有限公司,1069
20396,拍拍文化傳媒（無錫）有限公司,1070
23190,拾圈文化傳媒南京有限公司,1071
14496,捌捌玖電影股份有限公司,1072
26612,掌賞電影企業有限公司,1073
23831,摩爾娛樂有限公司,1074
19608,數位奇蹟科技股份有限公司,1075
22011,數位領域電影文化股份有限公司,1076
21174,數位領域電影文化股份有限公司,1076
27925,文化內容策進院,1077
24239,文化內容策進院,1077
29611,文化內容策進院,1077
28395,文化內容策進院,1077
23506,文化內容策進院,1077
23934,文化內容策進院,1077
25081,文化內容策進院,1077
29057,文化內容策進院,1077
26635,文化內容策進院,1077
28748,文化內容策進院,1077
25222,文化內容策進院,1077
27989,文化內容策進院,1077
23701,文化內容策進院,1077
26872,文化內容策進院,1077
29379,文化內容策進院,1077
27873,文化內容策進院,1077
26664,文化內容策進院,1077
25424,文化內容策進院,1077
24053,文化內容策進院,1077
25182,文化內容策進院,1077
21165,文化內容策進院,1077
26546,文化內容策進院,1077
28363,文化內容策進院,1077
27100,文化內容策進院,1077
28090,文化內容策進院(聯合出品公司),1078
27723,文化內容策進院TAICCA,1079
20270,文化部,1080
20396,文投控股股份有限公司,1081
25149,文達文創股份有限公司,1082
23831,新世紀南向開發有限公司,1083
23213,新世紀影視(加拿大/多倫多),1084
19400,新加坡甘露關懷協會,1085
26471,新暉映影視文化(深圳)有限公司,1086
22926,新疆博納潤澤文化傳媒有限公司,1087
25150,新聯華娛樂集團有限公司,1088
27462,新輝股份有限公司,1089
23139,新轉機國際股份有限公司,1090
23377,新騎資訊有限公司,1091
21423,新麗傳媒集團有限公司,1092
20986,新麗傳媒集團有限公司,1092
23190,新麗傳媒集團有限公司,1092
27822,新麗傳媒集團有限公司,1092
27822,新麗國際傳媒有限公司,1093
27178,方特影業投資有限公司,1094
22448,旋轉牧馬工作室,1095
23139,日商富地滋股份有限公司台灣分公司,1096
23438,日本東寶株式會社,1097
26227,日本華納兄弟合同會社,1098
26226,日本華納兄弟合同會社,1098
20707,日活株式會社公司,1099
16476,星光聯盟影業無錫有限公司,1100
21786,星光聯盟影業無錫有限公司,1100
22659,星勢力娛樂股份有限公司,1101
26140,星娛音樂有限公司 XYMUSIC LTD.,1102
27723,星映電影有限公司,1103
19319,星泰國際娛樂股份有限公司,1104
21785,星泰國際娛樂股份有限公司,1104
27879,星泰國際娛樂股份有限公司,1104
25306,星泰國際娛樂股份有限公司,1104
20477,星泰國際娛樂股份有限公司,1104
24752,星泰國際娛樂股份有限公司,1104
26664,星泰國際娛樂股份有限公司,1104
25335,星源未來股份有限公司,1105
20477,星空飛騰國際娛樂有限公司,1106
23367,星霖電影私人有限公司,1107
28780,映藝娛樂有限公司,1108
28070,映虹影視有限公司,1109
20312,映象工廠有限公司,1110
23926,映費迪國際有限公司,1111
21732,春光映畫,1112
18620,春光映畫 (BLOCK 2 PICTURES INC.),1113
16139,春光映畫(BLOCK 2 PICTURES INC.),1114
7331,春光電影發行有限公司,1115
20354,時創影業股份有限公司,1116
25222,晉揚投資有限公司,1117
25182,晟創娛樂,1118
23440,普普文化（香港）控股有限公司,1119
23440,晶藝電影有限公司,1120
28114,曼尼娛樂投資股份有限公司,1121
4035,曾威量,1122
20051,月晴映像有限公司,1123
23671,有余企劃製作有限公司,1124
18190,有得電影有限公司 高雄人,1125
24663,有戲娛樂股份有限公司,1126
24014,有戲娛樂股份有限公司,1126
25586,有戲娛樂股份有限公司,1126
26751,有戲娛樂股份有限公司,1126
26635,有戲娛樂股份有限公司,1126
27462,有戲娛樂股份有限公司,1126
24818,有戲娛樂股份有限公司,1126
26439,有戲娛樂股份有限公司,1126
25116,有戲娛樂股份有限公司,1126
23843,有戲娛樂股份有限公司,1126
23409,有戲娛樂股份有限公司,1126
22671,有戲娛樂股份有限公司,1126
21822,有樂股份有限公司,1127
27925,有樂股份有限公司,1127
29057,木林電影有限公司,1128
21155,木林電影有限公司,1128
18531,木林電影有限公司,1128
26034,本地製作有限公司,1129
22231,本地製作有限公司,1129
28748,本地風光電影股份有限公司,1130
19183,本地風光電影股份有限公司,1130
3401,李念修,1131
27340,李鼎國際文化有限公司,1132
25150,杭州銀酷文化傳媒有限公司,1133
19357,杰威爾音樂有限公司,1134
20725,杰瑞音樂有限公司,1135
23139,杰瑞音樂有限公司,1135
20319,東台壹尺文化傳媒有限公司,1136
22082,東吳大學,1137
13730,東寶株式會社,1138
20343,東方影業出品有限公司,1139
26764,東方影業出品有限公司,1139
22231,東方影業出品有限公司,1139
29635,東方影業出品有限公司,1139
26555,東方晨翔文化投資（武漢）有限公司,1140
23367,東方神龍影業有限公司,1141
25063,東映ビデオ株式会社,1142
27228,東映株式會社,1143
28231,東映株式會社,1143
27159,東映株式會社,1143
29643,東映株式會社,1143
25424,東森電視事業股份有限公司,1144
25335,東森電視事業股份有限公司,1144
23535,東森電視事業股份有限公司,1144
22671,東森電視事業股份有限公司,1144
23409,東森電視事業股份有限公司,1144
28088,東橫一有限公司,1145
22082,東海大學,1146
20396,東海電影集團有限公司,1147
21373,東睿貨物通運企業股份有限公司,1148
27234,東遊記創意有限公司,1149
24663,東陽長庚影視文化有限公司,1150
20747,松澤國際影業股份有限公司,1151
21710,松竹 株式會社 SHOCHIKU CO. LTD.,1153
20301,松竹 株式會社 SHOCHIKU CO. LTD,1152
24477,"松竹株式会社SHOCHIKU CO., LTD.",1154
24481,"松竹株式会社SHOCHIKU CO., LTD.",1154
24482,"松竹株式会社SHOCHIKU CO., LTD.",1154
24478,"松竹株式会社SHOCHIKU CO., LTD.",1154
24479,"松竹株式会社SHOCHIKU CO., LTD.",1154
24480,"松竹株式会社SHOCHIKU CO., LTD.",1154
29755,松竹株式會社,1155
16901,松露文化創意有限公司,1156
25424,松露文化創意有限公司,1156
22615,林世菁,1157
26584,林宣瀚,1158
22613,林宣瀚,1158
25679,林柏瑜,1159
20853,林柏瑜,1159
29573,果子電影有限公司,1160
22926,果麥文化傳媒股份有限公司,1161
20552,株式会社サンライズ,1162
24529,株式会社トムス・エンタテインメント,1163
21383,株式会社トムス・エンタテインメント,1163
27668,株式会社トムス・エンタテインメント,1163
27283,株式会社トムス・エンタテインメント,1163
18704,株式会社プリュネ,1164
18531,株式会社ムーリンプロダクション,1165
23363,株式會社波麗佳音(PONY CANYON INC.),1166
18620,株瑞祐映畫社製作,1167
20319,桃河影業(北京)有限公司,1168
28395,梁維倫,1169
27925,森上娛樂國際有限公司,1170
21825,楊偉新,1171
25679,楊升豪,1172
25306,樂到家國際娛樂股份有限公司,1173
19269,樂到家國際娛樂股份有限公司,1173
26635,樂到家國際娛樂股份有限公司,1173
21785,樂到家國際娛樂股份有限公司,1173
27879,樂到家國際娛樂股份有限公司,1173
20477,樂到家國際娛樂股份有限公司,1173
23843,樂到家國際股份有限公司,1174
24818,樺麗探險有限公司,1175
29672,欣利投資有限公司,1176
20396,歡喜傳媒集團有限公司,1177
22791,歡歡喜喜(天津)文化投資有限公司,1178
28509,武替道電影製作有限公司,1179
26077,武漢傳奇人影視藝術有限公司,1180
25679,每丁每噹故事工作室,1181
26546,氧氣電影有限公司,1182
21785,氧氣電影有限公司,1182
25306,氧氣電影有限公司,1182
28748,氧氣電影有限公司,1182
25222,氧氣電影有限公司,1182
19183,氧氣電影有限公司,1182
19357,水花電影股份有限公司,1183
20054,永寧工作室,1184
25737,永瑞事業有限公司,1185
25150,江蘇六喜文化傳媒有限公司,1186
26560,江蘇幸福藍海影業有限責任公司,1187
27383,江蘇省電影集團有限公司,1188
22475,池上多力米股份有限公司,1189
13900,汯呄霖電影有限公司,1190
15447,汯呄霖電影有限公司,1190
26471,沃栢嘉文化傳播(上海)有限公司,1191
19630,沅珅科技有限公司,1192
25150,河南典潤文化傳媒有限公司,1193
23353,法人倍樂生株式會社,1194
20375,法務部調查局,1195
6581,法國在台協會,1196
19224,法國在台協會,1196
4575,法國在台協會,1196
24485,法國在台協會,1196
24483,法國在台協會,1196
28674,法國在台協會,1196
24484,法國在台協會,1196
25343,法國在台協會,1196
28673,法國在台協會,1196
28671,法國在台協會,1196
28669,法國在台協會,1196
25342,法國在台協會,1196
24032,法國在台協會,1196
24486,法國在台協會,1196
14496,波谷影片有限公司,1197
26555,泰洋川禾文化傳媒（天津）有限公司,1198
25994,泰豐禮品美術有限公司,1199
21423,津然影業（上海）有限公司,1200
26076,活水文化事業有限公司,1201
23873,流水落花製作有限公司,1202
21616,浙江天意影視有限公司,1203
20396,浙江影視（集團）有限公司,1204
26871,浙江東陽小宇宙影視傳媒有限公司,1205
24054,浙江東陽瀚雅映影視文化傳媒有限公司,1206
27178,浙江横店影業有限公司,1207
23702,浙江橫店影業有限公司,1208
27383,浙江橫店影業有限公司,1208
21423,浙江橫店影業有限公司,1208
20986,浙江橫店影業有限公司,1208
22926,浙江橫店影業有限公司,1208
26871,浙江橫店影業有限公司,1208
20396,浙江橫店影業有限公司,1208
21423,浙江畫眉影業有限公司,1209
20396,浙江省文化產業投資集團有限公司,1210
27383,浙江聯瑞木馬文化傳媒有限公司,1211
26555,浙江聯瑞木馬文化傳媒有限公司,1211
23702,浙江聯瑞木馬文化傳媒有限公司,1211
23190,浙江開心麻花影業有限公司,1212
18755,海之眼影像工作室,1213
23702,海南國梵影視文化傳播有限公司,1214
23190,海南樂鏡影視文化傳媒有限公司,1215
27178,海南禾光影業有限公司,1216
27178,海南虞安投資有限公司,1217
23190,海口西虹胡同影視文化有限公司,1218
22926,海口那可是家大影視文化有限公司,1219
25116,海棠果影業有限公司,1220
18190,海樂影業股份有限公司,1221
18550,海王天璽文化傳媒股份有限公司,1222
25182,海鵬影業有限公司,1223
14720,海鵬影業有限公司,1223
23377,海鵬影業有限公司,1223
20986,深圳二狐文化產業發展有限公司,1224
21423,深圳垚眾傳媒有限公司,1225
24054,深圳市三羊文化集團有限公司,1226
23702,深圳市中影南方電影新幹線有限公司,1227
22791,深圳市亞斯傳媒有限公司,1228
24054,深圳市新藝城影業有限公司,1229
23702,深圳市浩志文化傳媒有限公司,1230
29767,深圳市浩志文化傳媒有限公司,1230
26560,深圳市諦瓏影業有限公司,1231
23702,深圳廣電影視股份有限公司,1232
23702,深圳瀾瓊影視文化傳媒有限公司,1233
26077,深圳瀾瓊影視文化傳媒有限公司,1233
25222,添翼創越工作室,1234
22531,湠臺灣電影股份有限公司,1235
10916,湯臣(香港)電影有限公司,1236
27234,湯臣電影事業股份有限公司,1237
24663,溫柔鄉電影有限公司,1238
19729,滾動力股份有限公司,1239
26743,滿滿額創作香港有限公司,1240
19986,滿滿額創作香港有限公司,1240
20711,滿滿額娛樂股份有限公司,1241
25116,滿滿額娛樂股份有限公司,1241
19402,滿滿額娛樂股份有限公司,1241
27462,滿滿額娛樂股份有限公司,1241
23831,滿滿額娛樂股份有限公司,1241
24239,滿滿額娛樂股份有限公司,1241
25728,滿滿額娛樂股份有限公司,1241
17116,滿滿額娛樂股份有限公司,1241
23535,滿滿額娛樂股份有限公司,1241
22671,滿滿額娛樂股份有限公司,1241
23409,滿滿額娛樂股份有限公司,1241
28090,滿滿額娛樂股份有限公司(聯合出品公司),1242
20396,漢鼎宇佑傳媒科技有限公司,1243
28748,潤泰興股份有限公司,1244
23535,瀚草影視文化事業股份有限公司,1245
27567,無事股份有限公司,1246
28405,無米樂影像工作室,1247
29767,無錫三乘三影業有限公司,1248
26761,無錫加雄影業有限公司,1249
26034,無限動力實業有限公司,1250
26612,無限動力實業有限公司,1250
23702,無限動力實業有限公司,1250
26919,無限動力實業有限公司,1250
27383,無限動力實業有限公司,1250
16476,無限動力實業有限公司,1250
20396,無限頻率影視有限公司,1251
24054,無雙（深圳）影業有限公司,1252
21822,煉金術電影事業有限公司,1253
23964,燈火闌珊有限公司,1254
22614,燒聲娛樂實驗有限公司,1255
24023,牽猴子股份有限公司,1256
26439,牽猴子股份有限公司,1256
18550,犢影制作電影有限公司,1257
25590,狼谷娛樂股份有限公司,1258
25522,王品文,1259
29165,王子劍,1260
25590,王志祥,1261
26568,珠江影業傳媒股份有限公司,1262
23702,珠海市橫琴星匯影院經營管理有限公司,1263
20643,班迪國際有限公司,1264
21373,瑞陞運通有限公司,1265
24035,"瑪爾克電影有限公司,犢影制作電影有限公司,六六喜喜股份有限公司,巧克麗娛樂股份有限公司,有戲娛樂股份有限公司,喜滿客京華影城股份有限公司,相聚國際股份有限公司",1266
27925,瑪菲司股份有限公司,1267
25104,用心快樂社會企業股份有限公司,1268
28088,甯聚力文創事業有限公司,1269
26546,畢業生有限公司,1270
22614,畢業生有限公司,1270
27328,異象國際傳播有限公司,1271
27462,瘋念有限公司,1272
20867,登月人影業有限公司,1273
25306,發起日影視股份有限公司,1274
19630,白色影像製作股份有限公司,1275
16476,百代環球(北京)國際資產管理有限公司,1276
28748,百聿數碼創意股份有限公司,1277
19183,百聿數碼創意股份有限公司,1277
17116,百聿數碼創意股份有限公司,1277
26751,百聿數碼創意股份有限公司,1277
25149,百聿數碼創意股份有限公司,1277
26546,百聿數碼創意股份有限公司,1277
25222,百聿數碼創意股份有限公司,1277
25063,百聿數碼創意股份有限公司,1277
28090,百薇國際娛樂股份有限公司,1278
20725,皮諾丘電影事業有限公司,1279
19630,皮諾丘電影事業有限公司,1279
25306,皮諾丘電影事業有限公司,1279
21822,皮諾丘電影事業有限公司,1279
19729,益康顧問有限公司,1280
20396,盛耀蔚萊（北京）國際文化發展有限公司,1281
19729,盛青陽娛樂製作股份有限公司,1282
22080,目宿媒體股份有限公司,1283
21949,目宿媒體股份有限公司,1283
1585,目宿媒體股份有限公司,1283
21908,目宿媒體股份有限公司,1283
1626,目宿媒體股份有限公司,1283
21943,目宿媒體股份有限公司,1283
22179,目宿媒體股份有限公司,1283
1593,目宿媒體股份有限公司,1283
25897,目宿媒體股份有限公司,1283
20053,目宿媒體股份有限公司,1283
17831,目宿媒體股份有限公司,1283
21914,目宿媒體股份有限公司,1283
21887,目宿媒體股份有限公司,1283
21932,目宿媒體股份有限公司,1283
1586,目宿媒體股份有限公司,1283
1608,目宿媒體股份有限公司,1283
19987,目宿媒體股份有限公司,1283
21915,目宿媒體股份有限公司,1283
12489,相信音樂國際股份有限公司,1284
15876,相信音樂國際股份有限公司,1284
23926,相聚國際股份有限公司,1285
24663,眾合千澄影視文化傳媒有限公司,1286
23535,眾合千澄影視文化傳媒有限公司,1286
26751,眾合千澄影視文化傳媒有限公司,1286
23385,眾樂文化有限公司,1287
23714,砌禾數位動畫股份有限公司,1288
17116,硯石(廈門)文化傳媒有限公司,1289
22082,社團法人中華民國大渡山學會,1290
17116,神州娛樂股份有限公司,1291
25116,神州娛樂股份有限公司,1291
26077,福建自安然影業有限公司,1292
23408,禾力文創有限公司,1293
23394,禾豐九路娛樂有限公司,1294
24818,禾豐九路娛樂有限公司,1294
19269,禾豐九路娛樂有限公司,1294
25222,秀泰國際娛樂股份有限公司,1295
23843,秀泰集團,1296
27992,種子影業股份有限公司,1297
19065,稻田電影工作室有限公司,1298
25063,積木影像製作有限公司,1299
20646,空殼影像股份有限公司,1300
20176,童年漫畫股份有限公司,1301
25994,築間餐飲事業股份有限公司,1302
21200,簡單主張影音製作有限公司,1303
25994,米倉影業股份有限公司,1304
24214,米德媒體有限公司,1305
25104,米珞安影業製作有限公司,1306
26751,米神國際股份有限公司,1307
25335,米神國際股份有限公司,1307
20646,精漢堂影像有限公司,1308
23377,紅色製作有限公司,1309
27462,絕影股份有限公司,1310
25116,維太平洋有限公司,1311
22615,綺影映畫有限公司,1312
25590,緯來電視網股份有限公司,1313
28395,緯來電視網股份有限公司,1313
29012,總公司電影有限公司,1314
22613,繆克電影有限公司,1315
21822,罡風創意映像有限公司,1316
27017,羅苡珊,1317
23688,美亞娛樂發展股份有限公司,1318
23688,美亞長城傳媒（北京）有限公司,1319
23391,美亞電影製作有限公司,1320
23688,美亞電影製作有限公司,1320
21517,美亞電影製作有限公司,1320
29111,美力台灣3D協會,1321
18190,美商華納兄弟(遠東)股份有限公司台灣分公司,1322
25222,美學經濟國際股份有限公司,1323
19986,羚邦控股有限公司,1324
24239,羚邦控股有限公司,1324
25984,羚邦集團有限公司,1325
23409,群之噰傳播股份有限公司,1326
23409,群星瑞智國際藝能股份有限公司,1327
20531,群石國際有限公司,1328
29573,義良企業有限公司,1329
26751,翻滾吧男孩電影有限公司,1330
27567,老斑鳩影視文化有限公司,1331
17487,老灰狼影片製作有限公司,1332
19662,老頑童娛樂有限公司,1333
20396,耳東文化（北京）有限公司,1334
20354,聚星文創娛樂事業股份有限公司,1335
19269,聚星文創娛樂事業股份有限公司,1335
24818,聚星文創娛樂事業股份有限公司,1335
27879,聚星文創娛樂事業股份有限公司,1335
23535,聚星文創娛樂事業股份有限公司,1335
24014,聚星文創娛樂事業股份有限公司,1335
22671,聚星文創娛樂事業股份有限公司,1335
23409,聚星文創娛樂事業股份有限公司,1335
25104,聯合數位文創股份有限公司,1336
20986,聯瑞(上海)影業有限公司,1337
20396,聯瑞（上海）影業有限公司,1338
24981,聯瑞（上海）影業有限公司,1338
27383,聯瑞（上海）影業有限公司,1338
24818,能率影業股份有限公司,1339
19269,能率影業股份有限公司,1339
25116,能率影業股份有限公司,1339
21119,臺中拍,1340
27340,臺北市市場處,1341
18306,臺北市政府,1342
27340,臺北市政府文化局,1343
18306,臺北市政府文化局 高雄人,1344
25586,臺灣電視事業股份有限公司,1345
502,興揚電影有限公司,1346
24663,興揚電影有限公司,1346
24014,良人行影業有限公司,1347
19269,良人行影業有限公司,1347
27879,良人行影業有限公司,1347
24752,良人行影業有限公司,1347
20354,良人行影業有限公司,1347
23535,良人行影業有限公司,1347
22671,良人行影業有限公司,1347
23409,良人行影業有限公司,1347
22659,艾婷投資股份有限公司,1348
27462,艾德國際投資股份有限公司,1349
20646,艾德國際投資股份有限公司,1349
26546,艾慕影藝股份有限公司,1350
20477,艾迪昇傳播事業有限公司,1351
26664,艾迪昇傳播事業有限公司,1351
14720,花千樹電影有限公司(A THOUSAND TREE FILMS) 高雄人,1352
21801,花生映社有限公司,1353
21919,花生映社有限公司,1353
21978,花生映社有限公司,1353
22085,花生映社有限公司,1353
21812,花生映社有限公司,1353
20396,芳草地影視（北京）有限公司,1354
25149,英屬蓋曼群島商威望國際娛樂股份有限公司,1355
17126,英爾有限公司,1356
27822,英皇影業有限公司,1359
26471,英皇影業有限公司,1359
20822,英皇影業有限公司,1359
19159,英皇影業有限公司,1359
26567,英皇影業有限公司,1359
29429,英皇影業有限公司,1359
22182,英皇影業有限公司,1359
24132,"英皇影業有限公司,天津聯瑞影業有限公司,正夫影業有限公司,英皇（北京）影視文化傳媒,正夫君澤影視傳媒有限公司,阿那亞影視文化有限公司,天府正道影業有限公司,抖音文化（廈門）有限公司",1360
23535,英雄旅程股份有限公司,1361
21233,茂樹電影有限公司 高雄人,1362
29379,草字頭娛樂有限公司,1363
27961,莎美娜投資股份有限公司,1364
22614,莫比文化創意有限公司,1365
19319,菊地健興業有限公司,1366
19859,華夏電影發行有限責任公司,1367
26567,華夏電影發行有限責任公司,1367
20396,華夏電影發行有限責任公司,1367
26555,華夏電影發行有限責任公司,1367
25104,華影國際影藝有限公司,1368
25422,華文創股份有限公司,1369
19729,華文創股份有限公司,1369
24014,華文創股份有限公司,1369
23671,華文創股份有限公司,1369
20822,華文映像(北京)影業有限公司,1370
26560,華文映像(北京)影業有限公司,1370
19159,華文映像(北京)影業有限公司,1370
26471,華文映像(北京)影業有限公司,1370
20986,華文映像(北京)影業有限公司,1370
23190,華文映像(北京)影業有限公司,1370
29767,華文映像(北京)影業有限公司,1370
26568,華文映像（北京）影業有限公司,1371
27822,華文映像（北京）影業有限公司,1371
24981,華文映像（北京）影業有限公司,1371
26510,華文映像（北京）影業有限公司,1371
28780,華文映象（北京）影業有限公司,1372
26567,華文映象（北京）影業有限公司,1372
26612,華文映象（北京）影業有限公司,1372
28395,華映國際文創股份有限公司,1373
18550,華映娛樂股份有限公司,1374
19402,華映娛樂股份有限公司,1374
25422,華映娛樂股份有限公司,1374
23843,華映娛樂股份有限公司,1374
19183,華映娛樂股份有限公司,1374
24663,華映娛樂股份有限公司,1374
24054,華映娛樂股份有限公司,1374
26664,華映娛樂股份有限公司,1374
26546,華映娛樂股份有限公司,1374
27879,華映娛樂股份有限公司,1374
22084,華映娛樂股份有限公司,1374
25222,華映娛樂股份有限公司,1374
25306,華映娛樂股份有限公司,1374
25063,華映娛樂股份有限公司,1374
22108,華映娛樂股份有限公司,1374
20477,華映娛樂股份有限公司,1374
21785,華映娛樂股份有限公司,1374
27462,華映娛樂股份有限公司,1374
23843,華研國際音樂股份有限公司,1375
20747,華策影業 (香港) 有限公司,1376
20747,華策影業(天津) 有限公司,1377
20747,華策影視(北京)有限公司,1378
17116,華納集團,1379
26635,華能國際娛樂股份有限公司,1380
29767,華誼兄弟電影(佛山)有限公司,1381
22791,華誼兄弟電影有限公司,1382
29767,華誼兄弟電影有限公司,1382
20986,華誼兄弟電影有限公司,1382
22791,華鳴星空文化傳媒有限公司,1383
27925,華麗熊行銷有限公司,1384
19957,菲博瑞思文創娛樂有限公司,1385
23139,萊思捷有限公司,1386
24009,萬寶路影業有限公司,1387
19859,萬誘引力乙有限公司,1388
23635,萬誘引力乙有限公司,1388
26761,萬誘引力乙有限公司,1388
22420,萬誘引力乙有限公司,1388
27178,萬達電影股份有限公司,1389
23729,蔡崇隆,1390
24240,蕩麥影業（上海）有限公司,1391
20817,藝碩文創股份有限公司,1392
16508,藝英國際有限公司,1393
23623,藝行者有限公司,1394
23679,藝行者有限公司,1394
24981,蘇州宇墨映畫影視文化傳媒體有限公司,1395
26560,蘇州火花閃耀娛樂有限公司,1396
26560,蘇州藍白紅影業有限公司,1397
28736,蜂鳥影像有限公司,1398
23190,蜃景影視文化傳播(海口)有限公司,1399
22926,融創未來文化娛樂（北京）有限公司,1400
10375,融觀電影有限公司,1401
23926,衛山資本股份有限公司,1402
20396,西咸新區秦漢野馬文化產業發展有限公司,1403
26707,西安喬松文化傳媒有限公司,1404
22791,西安曲江影視投資(集團)有限公司,1405
26560,西安曲江影視投資(集團)有限公司,1405
23190,西虹市影視文化(天津)有限公司,1406
27462,要有有限公司,1407
24239,覓一有限公司,1408
26780,視納華仁文化傳播股份有限公司,1409
18796,視納華仁文化傳播股份有限公司,1409
22448,視納華仁文化傳播股份有限公司,1409
26795,角子影音製作有限公司,1410
27301,角川映畫株式會社,1411
26227,角川集團,1412
25679,許聖宗,1413
20817,許芳宜＆藝術家,1414
20646,語謙行銷有限公司,1415
25104,識富天使會,1416
28088,象新立文化事業有限公司,1417
25063,貝殼放大股份有限公司,1418
20270,財團法人何春木文教基金會,1419
20263,財團法人何春木文教基金會,1419
29502,財團法人優人文化藝術基金會,1420
28736,財團法人公共電視事業文化基金會,1421
25681,財團法人公共電視文化事業基金會,1422
23409,財團法人公共電視文化事業基金會,1422
22687,財團法人公共電視文化事業基金會,1422
15447,財團法人公共電視文化事業基金會,1422
25681,財團法人公共電視文化事業基金會,1422
22687,財團法人公共電視文化事業基金會,1422
25681,財團法人公共電視文化事業基金會,1422
27660,財團法人公共電視文化事業基金會,1422
28405,財團法人公共電視文化事業基金會,1422
20203,財團法人公共電視文化事業基金會,1422
22687,財團法人公共電視文化事業基金會,1422
20867,財團法人公共電視文化事業基金會,1422
28395,財團法人台亞醫療公益基金會,1423
18306,財團法人台北市文化基金會,1424
23926,財團法人台北市文化基金會台北市電影委員會,1425
24066,財團法人台北市文化基金會台北市電影委員會,1425
25182,財團法人台北市文化基金會台北市電影委員會,1425
12575,財團法人國家電影中心,1426
19400,財團法人國際佛教法林基金會,1427
29430,財團法人天下雜誌教育基金會,1428
20052,財團法人天主教失智老人社會福利基金會,1429
27443,財團法人天主教失智老人社會福利基金會,1429
22448,財團法人弘道老人福利基金會,1430
19320,財團法人彩晶文教基金會,1431
27175,財團法人楊英風藝術教育基金會,1432
19064,財團法人臺中市影視發展基金會,1433
23926,財團法人臺中市影視發展基金會,1433
25590,財團法人臺中市影視發展基金會,1433
26780,財團法人蔣見美教授文教基金會,1434
502,財團法人高雄市文化基金會,1435
11237,赤角（北京）文化傳播有限公司,1436
19250,赤角（北京）文化傳播有限公司,1436
25116,超級娛樂有限公司,1437
27462,超級娛樂有限公司,1437
29635,超級子彈影業有限公司,1438
19159,超級子彈影業有限公司,1438
24023,路野生態影像有限公司,1439
20312,車庫娛樂股份有限公司,1440
23355,車庫影業股份有限公司,1441
26664,轅年視覺創意股份有限公司,1442
28395,轅年視覺創意股份有限公司,1442
20747,逞能影視製作(北京) 有限公司,1443
19064,遊戲橘子數位科技股份有限公司,1444
27961,運永投資有限公司,1445
22673,那時此刻股份有限公司,1446
23440,邵氏兄弟國際影業有限公司,1447
20396,邵氏兄弟國際影業有限公司,1447
21822,采昌國際多媒體股份有限公司,1448
22791,重慶潤錦滙影視文化傳媒有限公司,1449
26560,重慶電影集團有限公司,1450
23535,金盞花大影業股份有限公司,1451
27945,金華市奶昔映畫影視文化傳媒有限公司,1452
19729,金贊實業有限公司,1453
21747,金銀島製作有限公司,1454
23611,鈊象電子股份有限公司,1455
27506,銀翼文創有限公司,1456
25150,銀都機構有限公司,1457
26612,銀都機構有限公司,1457
23702,銀都機構有限公司,1457
19159,銀都機構有限公司,1457
27383,銀都機構有限公司,1457
24730,"銀都機構有限公司,步登高影像有限公司,博納影視娛樂有限公司,北京博納影業集團有限公司,阿里巴巴影業(北京)有限公司,上海博納文化傳媒有限公司",1458
23702,銀都機構（廣州）影視文化有限公司,1459
25104,鏡文學股份有限公司,1460
21785,鏡文學股份有限公司,1460
28748,鏡文學股份有限公司,1460
23843,鏡文學股份有限公司,1460
19183,鏡文學股份有限公司,1460
23190,長影時代傳媒股份有限公司,1461
19319,長龢有限公司,1462
19319,阿榮影業股份有限公司,1463
25728,阿榮影業股份有限公司,1463
24752,阿榮影業股份有限公司,1463
27873,阿榮影業股份有限公司,1463
25116,阿榮影業股份有限公司,1463
502,阿榮影業股份有限公司,1463
28090,阿榮影業股份有限公司(聯合出品公司),1464
20986,阿里巴巴影業(北京)有限公司,1465
29429,阿里巴巴影業娛樂傳媒有限公司,1466
23635,阿里巴巴影業娛樂傳媒有限公司,1466
22926,阿里巴巴影業（北京）有限公司,1467
22630,阿里巴巴影業（北京）有限公司,1467
20396,阿里巴巴影業（北京）有限公司,1467
21179,陳勇瑞,1468
16476,雅美星有限公司,1469
28395,雪巴影視股份有限公司,1470
27462,雪巴影視股份有限公司,1470
26560,雲南金彩視界影業股份有限公司,1471
25150,雲南金彩視界影業股份有限公司,1471
27462,雲諾運動文教股份有限公司,1472
25424,雲諾運動文教股份有限公司,1472
27961,雷宮製作有限公司,1473
19859,電訊盈科媒體有限公司,1474
21616,霍爾果斯佰安影業有限公司,1475
22926,霍爾果斯有忻影業有限公司,1476
16476,霍爾果斯泰洋川禾文化傳媒有限公司,1477
21616,霍爾果斯聚合影聯文化傳媒有限公司,1478
22926,霍爾果斯聯瑞影業有限公司,1479
27178,霍爾果斯聯瑞木馬影視傳媒有限公司,1480
20396,霍爾果斯金逸影業有限公司,1481
21839,霹靂國際多媒體股份有限公司,1482
25335,霹靂國際多媒體股份有限公司,1482
26751,霹靂國際多媒體股份有限公司,1482
25590,霹靂國際多媒體股份有限公司,1482
20175,霹靂國際多媒體股份有限公司,1482
21731,霹靂國際多媒體股分有限公司,1483
29672,靈英基金會,1484
28780,青島明英影業有限公司,1485
22791,青島翰洺影業有限公司,1486
23506,青睞影視製作股份有限公司,1487
20319,青鳥影業(上海)有限公司,1488
23439,青鳥電影製片有限公司,1489
16901,非凡娛樂製作有限公司,1490
21423,非洋娛樂傳媒（北京）有限公司,1491
19319,風度國際有限公司,1492
23926,風度國際股份有限公司,1493
28827,飛昇國際娛樂有限公司,1494
21165,飛望影像有限公司,1495
28363,飛望影像有限公司,1495
25862,飛望影像有限公司,1495
20867,飛望影像有限公司,1495
21839,飛爾創意有限公司,1496
19957,飛爾創意有限公司,1496
19122,飛行圓國際有限公司,1497
29672,香港亞洲文化傳播有限公司,1498
23926,香港商甲上娛樂有限公司台灣分公司,1499
18190,香港商福斯傳媒有限公司台灣分公司,1500
24752,香港托特智能有限公司,1501
21747,香港電影發展基金,1502
23635,香港電影發展基金,1502
23391,香港電影發展基金,1502
26743,香港電影發展基金,1502
22231,香港電影發展基金,1502
29672,香港電影發展基金會及文創產業發展處,1503
19159,香港騰訊影業有限公司,1504
24054,香蕉映畫有限公司,1505
21822,馬棋朵數位影像製作有限公司,1506
18550,馬棋朵數位影像製作有限公司,1506
27925,馬棋朵數位影像製作有限公司,1506
20725,馬棋朵數位影像製作有限公司,1506
27462,馬氏影業工作室,1507
20867,駕絲齋影像美術設計,1508
25150,駿和影業務（北京）有限公司,1509
21423,騰訊影業文化傳播有限公司,1510
19159,騰訊影業文化傳播有限公司,1510
23190,騰訊影業文化傳播有限公司,1510
23688,高寶集團影視有限公司,1511
23688,高益創新投資公共有限公司,1512
29573,高雄人,1513
26872,高雄人,1513
23934,高雄人,1513
21119,高雄人,1513
27567,高雄人,1513
20646,高雄人（高雄市電影館）,1514
25590,高雄市電影館,1515
22687,高雄市電影館,1515
22687,高雄市電影館,1515
19402,高雄市電影館,1515
25681,高雄市電影館,1515
25681,高雄市電影館,1515
25681,高雄市電影館,1515
22687,高雄市電影館,1515
23701,高雄市電影館（高雄人）,1516
25063,高雄統夢秀泰影城股份有限公司,1517
23831,高雄電影館,1518
26893,鬆鬆影視有限公司,1519
24214,魔森內容映畫股份有限公司,1520
23961,魚禾草影像有限公司,1521
21087,鯤鯓影像有限公司,1522
27484,鳥瞰製作有限公司,1523
24257,鳳鳴國際影業有限公司,1524
23795,鴻奇文化事業有限公司,1525
20005,鴻奇文化事業有限公司,1525
28395,鴻聯國際開發股份有限公司,1526
29795,鴻聯國際開發股份有限公司,1526
29122,鴻聯國際開發股份有限公司,1526
25116,鷹美影業有限公司,1527
27462,鷹美影業有限公司,1527
20920,鹿一電影製作有限公司,1528
19662,鹿橋文化事業股份有限公司,1529
19402,鹿路電影有限公司,1530
26635,麗富開發股份有限公司,1531
28636,麵包情人電影有限公司,1532
19269,麻吉砥加電影有限公司,1533
22659,麻吉砥加電影有限公司,1533
23394,麻吉砥加電影有限公司,1533
25104,麻吉砥加電影有限公司,1533
24818,麻吉砥加電影有限公司,1533
25590,黃人有限公司,1534
20262,黃明川,1535
1394,黃明川電影視訊有限公司,1536
18618,黃明川電影視訊有限公司,1536
25587,黃琇怡,1537
26479,黑石映像傳播製作社,1538
23835,黑科技電影工作室,1539
15629,黑糖媒體創意有限公司,1540
23385,點對點製作有限公司,1541
27506,點對點製作有限公司,1541
29672,鼎鈞投資有限公司,1542
19319,齊石傳播有限公司,1543
22901,ＭＫ2 FILMS,1544
